ProduccionID,ProductoID,CantidadProducida,CantidadDesperdicio,Fecha,TurnoID,DestinoID,LineaProduccion
1,1,192,16,2024-11-26,2,1,Línea 2
2,2,80,4,2024-11-26,1,1,Línea 2
3,3,83,2,2024-11-26,3,3,Línea 3
4,4,66,5,2024-11-26,2,2,Línea 2
5,5,84,0,2024-11-26,2,4,Línea 1
6,6,181,0,2024-11-26,1,4,Línea 2
7,7,139,7,2024-11-26,2,3,Línea 2
8,8,144,10,2024-11-26,3,4,Línea 2
9,9,59,3,2024-11-26,2,4,Línea 3
10,10,178,2,2024-11-26,2,1,Línea 1
11,1,103,4,2024-11-27,1,2,Línea 1
12,2,53,2,2024-11-27,3,4,Línea 3
13,3,128,10,2024-11-27,3,3,Línea 3
14,4,107,6,2024-11-27,2,2,Línea 3
15,5,71,2,2024-11-27,3,3,Línea 3
16,6,87,0,2024-11-27,2,4,Línea 1
17,7,166,16,2024-11-27,2,4,Línea 2
18,8,87,4,2024-11-27,2,4,Línea 1
19,9,191,13,2024-11-27,3,1,Línea 2
20,10,93,1,2024-11-27,2,3,Línea 1
21,1,187,17,2024-11-28,2,3,Línea 2
22,2,102,0,2024-11-28,1,4,Línea 1
23,3,80,1,2024-11-28,3,1,Línea 2
24,4,144,12,2024-11-28,1,2,Línea 2
25,5,72,3,2024-11-28,3,3,Línea 2
26,6,180,12,2024-11-28,1,3,Línea 2
27,7,192,4,2024-11-28,2,1,Línea 3
28,8,122,6,2024-11-28,1,4,Línea 2
29,9,117,5,2024-11-28,2,1,Línea 1
30,10,194,12,2024-11-28,3,3,Línea 1
31,1,156,2,2024-11-29,2,4,Línea 1
32,2,52,4,2024-11-29,2,1,Línea 2
33,3,108,3,2024-11-29,2,2,Línea 1
34,4,168,7,2024-11-29,1,1,Línea 3
35,5,117,4,2024-11-29,2,4,Línea 1
36,6,162,0,2024-11-29,2,4,Línea 3
37,7,112,1,2024-11-29,2,1,Línea 3
38,8,135,2,2024-11-29,1,2,Línea 3
39,9,116,0,2024-11-29,2,4,Línea 3
40,10,158,6,2024-11-29,1,4,Línea 3
41,1,128,12,2024-11-30,2,1,Línea 2
42,2,81,6,2024-11-30,3,1,Línea 1
43,3,191,3,2024-11-30,2,4,Línea 2
44,4,126,0,2024-11-30,3,4,Línea 1
45,5,81,8,2024-11-30,2,3,Línea 1
46,6,166,12,2024-11-30,3,2,Línea 2
47,7,165,2,2024-11-30,1,1,Línea 3
48,8,109,9,2024-11-30,1,1,Línea 3
49,9,151,12,2024-11-30,1,3,Línea 3
50,10,166,10,2024-11-30,3,4,Línea 3
51,1,101,10,2024-12-01,2,2,Línea 1
52,2,133,12,2024-12-01,2,1,Línea 1
53,3,70,7,2024-12-01,3,2,Línea 1
54,4,125,12,2024-12-01,3,1,Línea 2
55,5,127,5,2024-12-01,1,1,Línea 1
56,6,156,3,2024-12-01,3,4,Línea 3
57,7,81,5,2024-12-01,1,2,Línea 1
58,8,72,2,2024-12-01,3,2,Línea 2
59,9,159,11,2024-12-01,3,3,Línea 3
60,10,78,6,2024-12-01,1,1,Línea 2
61,1,94,1,2024-12-02,2,1,Línea 2
62,2,171,7,2024-12-02,3,4,Línea 3
63,3,98,0,2024-12-02,2,4,Línea 2
64,4,57,4,2024-12-02,2,1,Línea 3
65,5,53,3,2024-12-02,2,3,Línea 3
66,6,75,0,2024-12-02,3,2,Línea 2
67,7,61,0,2024-12-02,2,1,Línea 1
68,8,132,3,2024-12-02,2,2,Línea 1
69,9,152,7,2024-12-02,3,3,Línea 1
70,10,94,3,2024-12-02,2,4,Línea 3
71,1,186,14,2024-12-03,1,2,Línea 3
72,2,166,7,2024-12-03,3,1,Línea 1
73,3,154,2,2024-12-03,1,2,Línea 3
74,4,167,5,2024-12-03,3,1,Línea 2
75,5,52,0,2024-12-03,3,3,Línea 3
76,6,134,13,2024-12-03,2,3,Línea 3
77,7,88,2,2024-12-03,2,3,Línea 2
78,8,101,5,2024-12-03,2,3,Línea 2
79,9,79,1,2024-12-03,3,3,Línea 3
80,10,118,2,2024-12-03,2,3,Línea 3
81,1,101,3,2024-12-04,3,4,Línea 1
82,2,102,5,2024-12-04,3,1,Línea 1
83,3,165,3,2024-12-04,3,2,Línea 2
84,4,79,6,2024-12-04,2,3,Línea 1
85,5,65,6,2024-12-04,1,3,Línea 3
86,6,76,4,2024-12-04,3,1,Línea 1
87,7,135,2,2024-12-04,2,1,Línea 3
88,8,183,9,2024-12-04,1,2,Línea 1
89,9,148,5,2024-12-04,3,4,Línea 2
90,10,163,7,2024-12-04,1,3,Línea 1
91,1,144,9,2024-12-05,3,2,Línea 1
92,2,187,17,2024-12-05,1,4,Línea 2
93,3,185,9,2024-12-05,3,4,Línea 3
94,4,50,5,2024-12-05,1,1,Línea 1
95,5,87,0,2024-12-05,1,4,Línea 2
96,6,89,7,2024-12-05,3,3,Línea 2
97,7,123,6,2024-12-05,3,2,Línea 1
98,8,163,9,2024-12-05,3,2,Línea 1
99,9,128,1,2024-12-05,1,4,Línea 1
100,10,99,0,2024-12-05,2,3,Línea 1
101,1,192,11,2024-12-06,3,1,Línea 3
102,2,107,8,2024-12-06,2,1,Línea 2
103,3,151,2,2024-12-06,1,3,Línea 3
104,4,63,0,2024-12-06,1,1,Línea 3
105,5,50,0,2024-12-06,1,4,Línea 2
106,6,63,5,2024-12-06,3,3,Línea 1
107,7,52,1,2024-12-06,1,1,Línea 2
108,8,144,8,2024-12-06,2,4,Línea 1
109,9,74,5,2024-12-06,2,4,Línea 1
110,10,186,6,2024-12-06,2,4,Línea 2
111,1,106,4,2024-12-07,1,4,Línea 2
112,2,69,0,2024-12-07,3,3,Línea 1
113,3,80,2,2024-12-07,3,3,Línea 3
114,4,143,4,2024-12-07,3,1,Línea 3
115,5,199,9,2024-12-07,3,3,Línea 3
116,6,143,1,2024-12-07,1,4,Línea 2
117,7,105,6,2024-12-07,1,2,Línea 2
118,8,149,2,2024-12-07,1,4,Línea 2
119,9,161,10,2024-12-07,1,1,Línea 1
120,10,170,1,2024-12-07,2,1,Línea 1
121,1,86,3,2024-12-08,2,2,Línea 1
122,2,116,3,2024-12-08,2,4,Línea 2
123,3,76,6,2024-12-08,3,2,Línea 1
124,4,55,2,2024-12-08,2,3,Línea 3
125,5,67,4,2024-12-08,3,4,Línea 1
126,6,165,12,2024-12-08,2,3,Línea 3
127,7,98,0,2024-12-08,2,3,Línea 1
128,8,130,4,2024-12-08,2,3,Línea 2
129,9,97,6,2024-12-08,1,4,Línea 1
130,10,81,3,2024-12-08,1,1,Línea 1
131,1,129,1,2024-12-09,2,3,Línea 3
132,2,183,1,2024-12-09,1,4,Línea 1
133,3,72,5,2024-12-09,3,1,Línea 3
134,4,100,7,2024-12-09,3,1,Línea 3
135,5,194,17,2024-12-09,3,3,Línea 1
136,6,156,4,2024-12-09,3,2,Línea 2
137,7,83,2,2024-12-09,3,2,Línea 2
138,8,54,3,2024-12-09,1,2,Línea 2
139,9,157,6,2024-12-09,2,1,Línea 1
140,10,69,3,2024-12-09,1,1,Línea 1
141,1,197,15,2024-12-10,2,4,Línea 1
142,2,158,0,2024-12-10,1,4,Línea 2
143,3,68,6,2024-12-10,3,3,Línea 1
144,4,93,9,2024-12-10,2,2,Línea 1
145,5,194,16,2024-12-10,2,4,Línea 3
146,6,142,3,2024-12-10,2,3,Línea 1
147,7,68,2,2024-12-10,1,4,Línea 3
148,8,165,5,2024-12-10,3,3,Línea 3
149,9,95,3,2024-12-10,3,2,Línea 1
150,10,149,12,2024-12-10,2,3,Línea 3
151,1,134,12,2024-12-11,1,3,Línea 2
152,2,71,6,2024-12-11,3,2,Línea 2
153,3,195,9,2024-12-11,2,2,Línea 2
154,4,143,9,2024-12-11,3,3,Línea 1
155,5,114,1,2024-12-11,1,1,Línea 2
156,6,194,5,2024-12-11,3,3,Línea 1
157,7,112,7,2024-12-11,3,4,Línea 3
158,8,148,5,2024-12-11,2,1,Línea 3
159,9,185,15,2024-12-11,3,4,Línea 1
160,10,171,14,2024-12-11,2,1,Línea 2
161,1,119,7,2024-12-12,1,1,Línea 1
162,2,175,12,2024-12-12,1,4,Línea 3
163,3,53,4,2024-12-12,2,1,Línea 2
164,4,139,3,2024-12-12,3,1,Línea 1
165,5,107,7,2024-12-12,1,3,Línea 3
166,6,178,0,2024-12-12,3,4,Línea 1
167,7,53,4,2024-12-12,3,2,Línea 3
168,8,58,0,2024-12-12,1,4,Línea 1
169,9,155,1,2024-12-12,3,1,Línea 3
170,10,104,8,2024-12-12,1,1,Línea 1
171,1,180,3,2024-12-13,3,4,Línea 3
172,2,75,2,2024-12-13,3,2,Línea 1
173,3,62,4,2024-12-13,2,3,Línea 3
174,4,68,3,2024-12-13,2,3,Línea 1
175,5,169,13,2024-12-13,1,1,Línea 3
176,6,173,4,2024-12-13,2,2,Línea 2
177,7,157,10,2024-12-13,3,1,Línea 3
178,8,61,6,2024-12-13,2,2,Línea 1
179,9,151,6,2024-12-13,1,1,Línea 2
180,10,181,12,2024-12-13,2,3,Línea 1
181,1,127,7,2024-12-14,3,4,Línea 3
182,2,67,2,2024-12-14,1,1,Línea 3
183,3,62,5,2024-12-14,3,4,Línea 1
184,4,149,9,2024-12-14,2,1,Línea 3
185,5,159,9,2024-12-14,2,4,Línea 3
186,6,174,6,2024-12-14,1,4,Línea 3
187,7,63,3,2024-12-14,1,2,Línea 2
188,8,97,2,2024-12-14,1,2,Línea 3
189,9,117,5,2024-12-14,1,2,Línea 1
190,10,145,14,2024-12-14,2,4,Línea 3
191,1,118,4,2024-12-15,3,3,Línea 1
192,2,117,10,2024-12-15,1,4,Línea 3
193,3,157,15,2024-12-15,1,1,Línea 2
194,4,98,0,2024-12-15,2,2,Línea 3
195,5,74,3,2024-12-15,3,3,Línea 1
196,6,157,1,2024-12-15,2,1,Línea 1
197,7,133,12,2024-12-15,1,1,Línea 1
198,8,168,7,2024-12-15,3,4,Línea 3
199,9,57,5,2024-12-15,1,1,Línea 3
200,10,52,4,2024-12-15,1,3,Línea 3
201,1,182,10,2024-12-16,1,3,Línea 2
202,2,62,5,2024-12-16,3,4,Línea 2
203,3,113,6,2024-12-16,2,2,Línea 2
204,4,167,6,2024-12-16,3,1,Línea 1
205,5,192,2,2024-12-16,1,1,Línea 3
206,6,155,1,2024-12-16,1,3,Línea 3
207,7,126,10,2024-12-16,1,2,Línea 2
208,8,67,0,2024-12-16,1,3,Línea 1
209,9,156,12,2024-12-16,2,2,Línea 2
210,10,87,7,2024-12-16,3,2,Línea 3
211,1,166,11,2024-12-17,3,2,Línea 3
212,2,63,3,2024-12-17,2,4,Línea 3
213,3,135,2,2024-12-17,2,3,Línea 1
214,4,178,11,2024-12-17,3,1,Línea 3
215,5,76,3,2024-12-17,3,2,Línea 3
216,6,184,1,2024-12-17,1,3,Línea 3
217,7,180,13,2024-12-17,3,4,Línea 1
218,8,52,0,2024-12-17,2,1,Línea 3
219,9,160,7,2024-12-17,2,3,Línea 3
220,10,187,8,2024-12-17,2,3,Línea 2
221,1,124,11,2024-12-18,1,4,Línea 2
222,2,71,1,2024-12-18,2,1,Línea 3
223,3,122,2,2024-12-18,3,1,Línea 2
224,4,61,2,2024-12-18,2,4,Línea 2
225,5,184,0,2024-12-18,2,2,Línea 1
226,6,176,6,2024-12-18,3,1,Línea 3
227,7,61,3,2024-12-18,2,2,Línea 1
228,8,126,7,2024-12-18,2,2,Línea 1
229,9,184,16,2024-12-18,3,2,Línea 2
230,10,73,1,2024-12-18,3,1,Línea 3
231,1,198,9,2024-12-19,1,2,Línea 1
232,2,58,5,2024-12-19,2,3,Línea 1
233,3,168,2,2024-12-19,2,1,Línea 3
234,4,74,2,2024-12-19,2,1,Línea 2
235,5,145,4,2024-12-19,2,4,Línea 2
236,6,50,5,2024-12-19,2,3,Línea 3
237,7,85,0,2024-12-19,3,1,Línea 2
238,8,50,3,2024-12-19,2,3,Línea 3
239,9,56,5,2024-12-19,1,2,Línea 1
240,10,123,7,2024-12-19,3,2,Línea 2
241,1,95,3,2024-12-20,2,3,Línea 2
242,2,70,5,2024-12-20,1,3,Línea 3
243,3,137,1,2024-12-20,3,4,Línea 2
244,4,156,4,2024-12-20,3,1,Línea 2
245,5,71,3,2024-12-20,1,2,Línea 2
246,6,57,0,2024-12-20,3,2,Línea 3
247,7,172,9,2024-12-20,1,1,Línea 2
248,8,116,8,2024-12-20,1,2,Línea 2
249,9,189,17,2024-12-20,2,1,Línea 1
250,10,180,4,2024-12-20,1,2,Línea 1
251,1,121,0,2024-12-21,1,4,Línea 2
252,2,162,7,2024-12-21,1,3,Línea 3
253,3,160,6,2024-12-21,2,3,Línea 1
254,4,77,6,2024-12-21,2,3,Línea 3
255,5,135,1,2024-12-21,2,2,Línea 2
256,6,82,6,2024-12-21,3,2,Línea 2
257,7,110,3,2024-12-21,1,4,Línea 2
258,8,182,5,2024-12-21,2,2,Línea 2
259,9,152,7,2024-12-21,3,2,Línea 1
260,10,108,2,2024-12-21,2,3,Línea 3
261,1,104,0,2024-12-22,3,4,Línea 1
262,2,164,4,2024-12-22,1,3,Línea 3
263,3,178,0,2024-12-22,3,4,Línea 1
264,4,182,6,2024-12-22,1,2,Línea 2
265,5,71,0,2024-12-22,1,4,Línea 2
266,6,121,4,2024-12-22,3,1,Línea 1
267,7,185,7,2024-12-22,1,1,Línea 1
268,8,54,3,2024-12-22,1,4,Línea 1
269,9,136,12,2024-12-22,1,2,Línea 3
270,10,100,3,2024-12-22,1,3,Línea 3
271,1,52,2,2024-12-23,3,4,Línea 1
272,2,59,4,2024-12-23,2,2,Línea 2
273,3,50,5,2024-12-23,1,2,Línea 2
274,4,128,8,2024-12-23,2,2,Línea 1
275,5,116,0,2024-12-23,3,4,Línea 1
276,6,89,0,2024-12-23,1,2,Línea 1
277,7,189,18,2024-12-23,1,2,Línea 1
278,8,142,10,2024-12-23,2,2,Línea 2
279,9,66,1,2024-12-23,2,3,Línea 2
280,10,129,8,2024-12-23,1,4,Línea 1
281,1,176,5,2024-12-24,1,3,Línea 3
282,2,178,7,2024-12-24,3,1,Línea 3
283,3,114,0,2024-12-24,3,1,Línea 1
284,4,82,5,2024-12-24,2,2,Línea 2
285,5,53,3,2024-12-24,1,4,Línea 1
286,6,123,2,2024-12-24,3,4,Línea 1
287,7,114,0,2024-12-24,2,2,Línea 3
288,8,115,0,2024-12-24,2,2,Línea 2
289,9,186,10,2024-12-24,2,4,Línea 2
290,10,120,7,2024-12-24,1,3,Línea 3
291,1,161,1,2024-12-25,3,3,Línea 2
292,2,53,1,2024-12-25,2,1,Línea 2
293,3,159,2,2024-12-25,1,3,Línea 2
294,4,171,9,2024-12-25,2,3,Línea 2
295,5,64,0,2024-12-25,3,2,Línea 3
296,6,196,11,2024-12-25,1,4,Línea 3
297,7,97,5,2024-12-25,3,4,Línea 2
298,8,133,8,2024-12-25,1,1,Línea 2
299,9,185,9,2024-12-25,3,2,Línea 2
300,10,79,5,2024-12-25,1,4,Línea 3
301,1,182,2,2024-12-26,3,1,Línea 2
302,2,54,1,2024-12-26,1,4,Línea 3
303,3,198,1,2024-12-26,2,4,Línea 3
304,4,121,3,2024-12-26,2,3,Línea 3
305,5,131,13,2024-12-26,1,1,Línea 3
306,6,146,3,2024-12-26,3,2,Línea 2
307,7,146,6,2024-12-26,3,4,Línea 1
308,8,112,7,2024-12-26,3,2,Línea 3
309,9,68,6,2024-12-26,1,1,Línea 1
310,10,108,1,2024-12-26,1,4,Línea 3
311,1,150,8,2024-12-27,1,2,Línea 3
312,2,188,0,2024-12-27,3,2,Línea 1
313,3,91,1,2024-12-27,3,3,Línea 2
314,4,81,8,2024-12-27,2,2,Línea 3
315,5,154,3,2024-12-27,3,1,Línea 3
316,6,146,8,2024-12-27,1,1,Línea 3
317,7,70,4,2024-12-27,1,3,Línea 1
318,8,162,15,2024-12-27,1,3,Línea 2
319,9,165,2,2024-12-27,2,1,Línea 1
320,10,129,6,2024-12-27,2,2,Línea 1
321,1,173,14,2024-12-28,2,2,Línea 1
322,2,141,0,2024-12-28,1,4,Línea 1
323,3,100,10,2024-12-28,1,1,Línea 2
324,4,61,6,2024-12-28,1,1,Línea 3
325,5,63,1,2024-12-28,1,1,Línea 3
326,6,168,0,2024-12-28,3,2,Línea 2
327,7,85,2,2024-12-28,3,2,Línea 1
328,8,196,10,2024-12-28,3,1,Línea 3
329,9,85,1,2024-12-28,1,3,Línea 3
330,10,83,0,2024-12-28,1,2,Línea 1
331,1,106,4,2024-12-29,1,4,Línea 1
332,2,108,5,2024-12-29,1,2,Línea 1
333,3,175,10,2024-12-29,3,2,Línea 1
334,4,197,9,2024-12-29,1,3,Línea 3
335,5,192,11,2024-12-29,2,2,Línea 2
336,6,115,11,2024-12-29,2,4,Línea 3
337,7,62,0,2024-12-29,3,4,Línea 1
338,8,50,3,2024-12-29,1,3,Línea 2
339,9,69,1,2024-12-29,3,2,Línea 2
340,10,157,12,2024-12-29,2,4,Línea 3
341,1,69,3,2024-12-30,2,1,Línea 3
342,2,111,1,2024-12-30,2,3,Línea 1
343,3,140,4,2024-12-30,3,4,Línea 3
344,4,135,2,2024-12-30,2,3,Línea 2
345,5,75,5,2024-12-30,1,3,Línea 3
346,6,125,3,2024-12-30,3,1,Línea 2
347,7,110,1,2024-12-30,1,3,Línea 2
348,8,181,0,2024-12-30,1,3,Línea 3
349,9,192,14,2024-12-30,2,3,Línea 2
350,10,195,15,2024-12-30,2,4,Línea 3
351,1,169,1,2024-12-31,3,2,Línea 1
352,2,179,1,2024-12-31,2,2,Línea 3
353,3,69,1,2024-12-31,1,4,Línea 1
354,4,102,10,2024-12-31,3,2,Línea 3
355,5,161,4,2024-12-31,3,2,Línea 2
356,6,65,6,2024-12-31,2,3,Línea 3
357,7,94,2,2024-12-31,2,4,Línea 3
358,8,172,6,2024-12-31,3,2,Línea 3
359,9,166,15,2024-12-31,2,1,Línea 3
360,10,53,0,2024-12-31,2,1,Línea 3
361,1,127,2,2025-01-01,3,1,Línea 3
362,2,195,11,2025-01-01,3,3,Línea 2
363,3,198,14,2025-01-01,2,3,Línea 1
364,4,90,9,2025-01-01,3,4,Línea 2
365,5,126,3,2025-01-01,1,1,Línea 1
366,6,153,14,2025-01-01,1,3,Línea 1
367,7,182,5,2025-01-01,2,2,Línea 1
368,8,62,4,2025-01-01,1,1,Línea 1
369,9,69,6,2025-01-01,1,1,Línea 3
370,10,176,14,2025-01-01,2,2,Línea 2
371,1,188,4,2025-01-02,1,1,Línea 3
372,2,76,5,2025-01-02,3,2,Línea 2
373,3,136,4,2025-01-02,1,3,Línea 3
374,4,191,19,2025-01-02,2,2,Línea 2
375,5,162,14,2025-01-02,2,2,Línea 2
376,6,57,2,2025-01-02,3,1,Línea 1
377,7,124,12,2025-01-02,1,3,Línea 3
378,8,102,2,2025-01-02,1,4,Línea 1
379,9,52,2,2025-01-02,1,4,Línea 2
380,10,169,2,2025-01-02,1,3,Línea 1
381,1,121,2,2025-01-03,2,3,Línea 1
382,2,195,17,2025-01-03,1,3,Línea 2
383,3,97,6,2025-01-03,1,4,Línea 3
384,4,177,2,2025-01-03,2,4,Línea 2
385,5,58,2,2025-01-03,1,1,Línea 1
386,6,69,5,2025-01-03,2,4,Línea 3
387,7,92,2,2025-01-03,2,4,Línea 2
388,8,138,11,2025-01-03,2,1,Línea 1
389,9,70,6,2025-01-03,1,4,Línea 2
390,10,58,3,2025-01-03,3,4,Línea 2
391,1,85,5,2025-01-04,3,1,Línea 2
392,2,50,4,2025-01-04,1,1,Línea 2
393,3,121,9,2025-01-04,3,4,Línea 1
394,4,133,3,2025-01-04,3,4,Línea 1
395,5,74,4,2025-01-04,3,1,Línea 1
396,6,122,9,2025-01-04,2,2,Línea 1
397,7,63,0,2025-01-04,1,3,Línea 1
398,8,113,7,2025-01-04,2,4,Línea 1
399,9,168,0,2025-01-04,3,2,Línea 3
400,10,189,18,2025-01-04,1,1,Línea 3
401,1,59,3,2025-01-05,2,3,Línea 3
402,2,185,10,2025-01-05,1,2,Línea 2
403,3,92,0,2025-01-05,1,2,Línea 1
404,4,80,4,2025-01-05,2,4,Línea 3
405,5,87,8,2025-01-05,1,4,Línea 2
406,6,179,11,2025-01-05,3,2,Línea 2
407,7,121,4,2025-01-05,1,2,Línea 2
408,8,110,2,2025-01-05,3,3,Línea 3
409,9,183,14,2025-01-05,1,4,Línea 2
410,10,81,5,2025-01-05,3,2,Línea 3
411,1,173,11,2025-01-06,3,2,Línea 2
412,2,58,1,2025-01-06,1,3,Línea 2
413,3,94,3,2025-01-06,2,4,Línea 3
414,4,68,0,2025-01-06,3,2,Línea 1
415,5,123,1,2025-01-06,3,2,Línea 3
416,6,99,2,2025-01-06,3,3,Línea 2
417,7,113,5,2025-01-06,3,2,Línea 3
418,8,155,5,2025-01-06,1,3,Línea 3
419,9,78,0,2025-01-06,3,4,Línea 2
420,10,74,4,2025-01-06,1,1,Línea 1
421,1,80,2,2025-01-07,1,3,Línea 2
422,2,194,9,2025-01-07,2,4,Línea 3
423,3,73,2,2025-01-07,3,4,Línea 3
424,4,154,2,2025-01-07,2,4,Línea 3
425,5,64,4,2025-01-07,3,1,Línea 3
426,6,137,6,2025-01-07,2,2,Línea 1
427,7,82,0,2025-01-07,1,2,Línea 2
428,8,143,7,2025-01-07,2,3,Línea 2
429,9,178,14,2025-01-07,3,1,Línea 3
430,10,146,3,2025-01-07,3,3,Línea 1
431,1,182,3,2025-01-08,1,1,Línea 2
432,2,171,7,2025-01-08,2,4,Línea 1
433,3,78,3,2025-01-08,3,1,Línea 1
434,4,118,4,2025-01-08,3,4,Línea 1
435,5,184,16,2025-01-08,3,2,Línea 3
436,6,120,0,2025-01-08,3,3,Línea 1
437,7,71,5,2025-01-08,2,3,Línea 1
438,8,118,6,2025-01-08,3,1,Línea 2
439,9,96,4,2025-01-08,3,4,Línea 1
440,10,70,0,2025-01-08,3,1,Línea 3
441,1,63,2,2025-01-09,3,2,Línea 2
442,2,55,4,2025-01-09,1,2,Línea 1
443,3,167,4,2025-01-09,3,1,Línea 1
444,4,167,0,2025-01-09,1,3,Línea 3
445,5,165,2,2025-01-09,2,1,Línea 1
446,6,66,4,2025-01-09,2,1,Línea 2
447,7,78,5,2025-01-09,3,2,Línea 3
448,8,151,4,2025-01-09,1,2,Línea 3
449,9,80,3,2025-01-09,1,1,Línea 1
450,10,85,6,2025-01-09,1,2,Línea 3
451,1,101,0,2025-01-10,2,3,Línea 2
452,2,167,15,2025-01-10,1,2,Línea 1
453,3,192,11,2025-01-10,2,2,Línea 2
454,4,99,3,2025-01-10,2,4,Línea 3
455,5,158,2,2025-01-10,2,1,Línea 3
456,6,93,3,2025-01-10,3,4,Línea 3
457,7,67,2,2025-01-10,3,1,Línea 2
458,8,123,0,2025-01-10,3,3,Línea 1
459,9,192,18,2025-01-10,1,1,Línea 1
460,10,184,17,2025-01-10,2,1,Línea 3
461,1,56,3,2025-01-11,1,3,Línea 3
462,2,112,5,2025-01-11,3,2,Línea 3
463,3,140,0,2025-01-11,3,2,Línea 2
464,4,110,7,2025-01-11,1,1,Línea 2
465,5,164,7,2025-01-11,1,1,Línea 3
466,6,70,2,2025-01-11,3,3,Línea 3
467,7,76,0,2025-01-11,1,1,Línea 1
468,8,139,11,2025-01-11,3,3,Línea 1
469,9,125,0,2025-01-11,3,2,Línea 2
470,10,129,3,2025-01-11,2,2,Línea 1
471,1,77,0,2025-01-12,2,1,Línea 2
472,2,176,9,2025-01-12,1,3,Línea 2
473,3,137,13,2025-01-12,3,1,Línea 3
474,4,104,5,2025-01-12,3,2,Línea 2
475,5,114,11,2025-01-12,3,3,Línea 2
476,6,70,4,2025-01-12,3,3,Línea 2
477,7,169,8,2025-01-12,3,1,Línea 1
478,8,105,9,2025-01-12,1,2,Línea 2
479,9,138,11,2025-01-12,1,2,Línea 2
480,10,111,9,2025-01-12,3,3,Línea 3
481,1,196,10,2025-01-13,2,2,Línea 3
482,2,96,5,2025-01-13,1,2,Línea 1
483,3,111,6,2025-01-13,2,3,Línea 3
484,4,140,3,2025-01-13,1,1,Línea 2
485,5,113,6,2025-01-13,3,4,Línea 2
486,6,113,11,2025-01-13,2,4,Línea 3
487,7,182,11,2025-01-13,2,4,Línea 1
488,8,96,8,2025-01-13,1,2,Línea 3
489,9,154,2,2025-01-13,1,2,Línea 1
490,10,126,7,2025-01-13,3,1,Línea 2
491,1,70,3,2025-01-14,1,3,Línea 3
492,2,139,7,2025-01-14,1,2,Línea 3
493,3,101,5,2025-01-14,1,3,Línea 1
494,4,153,15,2025-01-14,1,2,Línea 2
495,5,51,5,2025-01-14,3,3,Línea 2
496,6,160,16,2025-01-14,1,1,Línea 2
497,7,191,15,2025-01-14,1,1,Línea 2
498,8,114,4,2025-01-14,1,4,Línea 3
499,9,162,1,2025-01-14,3,4,Línea 3
500,10,103,10,2025-01-14,2,1,Línea 3
501,1,106,3,2025-01-15,3,2,Línea 2
502,2,140,5,2025-01-15,2,2,Línea 3
503,3,82,3,2025-01-15,1,2,Línea 3
504,4,53,3,2025-01-15,1,2,Línea 1
505,5,152,15,2025-01-15,2,3,Línea 2
506,6,169,15,2025-01-15,3,3,Línea 1
507,7,185,8,2025-01-15,3,4,Línea 1
508,8,116,3,2025-01-15,2,1,Línea 1
509,9,90,8,2025-01-15,2,3,Línea 3
510,10,97,5,2025-01-15,3,4,Línea 1
511,1,80,1,2025-01-16,3,3,Línea 2
512,2,69,1,2025-01-16,3,2,Línea 3
513,3,93,1,2025-01-16,2,2,Línea 3
514,4,114,6,2025-01-16,2,1,Línea 1
515,5,186,6,2025-01-16,1,3,Línea 1
516,6,101,1,2025-01-16,3,1,Línea 3
517,7,124,3,2025-01-16,1,4,Línea 2
518,8,185,7,2025-01-16,1,4,Línea 3
519,9,178,14,2025-01-16,1,2,Línea 2
520,10,177,13,2025-01-16,1,2,Línea 1
521,1,172,2,2025-01-17,2,2,Línea 2
522,2,132,11,2025-01-17,3,4,Línea 3
523,3,172,3,2025-01-17,1,1,Línea 2
524,4,97,9,2025-01-17,3,1,Línea 1
525,5,198,17,2025-01-17,3,3,Línea 2
526,6,77,7,2025-01-17,1,1,Línea 1
527,7,169,16,2025-01-17,2,4,Línea 2
528,8,80,1,2025-01-17,2,2,Línea 3
529,9,143,7,2025-01-17,3,4,Línea 2
530,10,196,14,2025-01-17,2,4,Línea 1
531,1,191,2,2025-01-18,2,1,Línea 2
532,2,183,16,2025-01-18,3,4,Línea 2
533,3,127,3,2025-01-18,1,3,Línea 3
534,4,105,1,2025-01-18,1,1,Línea 1
535,5,158,3,2025-01-18,2,2,Línea 2
536,6,98,9,2025-01-18,1,3,Línea 2
537,7,84,2,2025-01-18,3,1,Línea 1
538,8,162,0,2025-01-18,2,1,Línea 2
539,9,180,13,2025-01-18,1,4,Línea 2
540,10,62,3,2025-01-18,1,2,Línea 2
541,1,148,6,2025-01-19,3,3,Línea 2
542,2,148,1,2025-01-19,3,1,Línea 3
543,3,130,13,2025-01-19,3,4,Línea 2
544,4,195,11,2025-01-19,3,1,Línea 2
545,5,113,9,2025-01-19,2,2,Línea 2
546,6,118,0,2025-01-19,2,4,Línea 2
547,7,196,10,2025-01-19,1,4,Línea 3
548,8,190,0,2025-01-19,2,3,Línea 2
549,9,128,3,2025-01-19,2,2,Línea 2
550,10,170,15,2025-01-19,1,4,Línea 3
551,1,117,11,2025-01-20,1,1,Línea 3
552,2,87,5,2025-01-20,2,3,Línea 2
553,3,183,5,2025-01-20,3,4,Línea 1
554,4,161,7,2025-01-20,3,3,Línea 2
555,5,158,14,2025-01-20,2,2,Línea 3
556,6,141,9,2025-01-20,1,2,Línea 2
557,7,168,10,2025-01-20,1,3,Línea 1
558,8,106,7,2025-01-20,2,1,Línea 3
559,9,68,6,2025-01-20,1,1,Línea 2
560,10,87,5,2025-01-20,1,1,Línea 2
561,1,174,4,2025-01-21,1,2,Línea 2
562,2,52,3,2025-01-21,2,2,Línea 3
563,3,191,10,2025-01-21,3,1,Línea 2
564,4,174,5,2025-01-21,1,1,Línea 3
565,5,180,2,2025-01-21,1,1,Línea 3
566,6,174,16,2025-01-21,2,3,Línea 1
567,7,120,9,2025-01-21,3,3,Línea 3
568,8,101,5,2025-01-21,2,3,Línea 3
569,9,63,4,2025-01-21,2,3,Línea 1
570,10,186,8,2025-01-21,2,2,Línea 2
571,1,90,2,2025-01-22,2,2,Línea 3
572,2,194,15,2025-01-22,1,4,Línea 2
573,3,187,17,2025-01-22,2,1,Línea 3
574,4,117,7,2025-01-22,3,2,Línea 2
575,5,133,5,2025-01-22,1,2,Línea 2
576,6,79,0,2025-01-22,3,2,Línea 2
577,7,137,0,2025-01-22,1,1,Línea 2
578,8,125,0,2025-01-22,1,1,Línea 3
579,9,95,0,2025-01-22,2,4,Línea 1
580,10,172,6,2025-01-22,2,1,Línea 1
581,1,140,6,2025-01-23,3,4,Línea 3
582,2,160,5,2025-01-23,2,4,Línea 3
583,3,165,8,2025-01-23,2,3,Línea 3
584,4,80,5,2025-01-23,3,3,Línea 3
585,5,92,9,2025-01-23,2,2,Línea 2
586,6,81,8,2025-01-23,3,4,Línea 3
587,7,180,10,2025-01-23,2,2,Línea 1
588,8,175,5,2025-01-23,3,1,Línea 1
589,9,170,4,2025-01-23,2,1,Línea 2
590,10,185,15,2025-01-23,1,4,Línea 3
591,1,100,7,2025-01-24,3,4,Línea 3
592,2,107,8,2025-01-24,1,4,Línea 1
593,3,104,6,2025-01-24,2,1,Línea 2
594,4,106,8,2025-01-24,2,2,Línea 1
595,5,161,14,2025-01-24,2,2,Línea 2
596,6,111,3,2025-01-24,1,1,Línea 1
597,7,161,3,2025-01-24,1,2,Línea 2
598,8,169,1,2025-01-24,1,3,Línea 1
599,9,94,1,2025-01-24,1,2,Línea 1
600,10,138,9,2025-01-24,1,2,Línea 2
601,1,84,5,2025-01-25,3,3,Línea 1
602,2,148,1,2025-01-25,2,4,Línea 3
603,3,94,6,2025-01-25,3,4,Línea 2
604,4,194,0,2025-01-25,1,1,Línea 2
605,5,126,7,2025-01-25,1,1,Línea 2
606,6,55,4,2025-01-25,2,3,Línea 1
607,7,90,8,2025-01-25,2,4,Línea 3
608,8,62,2,2025-01-25,2,4,Línea 1
609,9,149,1,2025-01-25,2,2,Línea 2
610,10,140,10,2025-01-25,1,4,Línea 1
611,1,64,0,2025-01-26,2,4,Línea 1
612,2,184,17,2025-01-26,3,4,Línea 2
613,3,150,12,2025-01-26,2,2,Línea 1
614,4,73,4,2025-01-26,2,2,Línea 1
615,5,168,3,2025-01-26,2,3,Línea 1
616,6,67,0,2025-01-26,2,3,Línea 1
617,7,194,1,2025-01-26,2,1,Línea 3
618,8,98,1,2025-01-26,2,4,Línea 2
619,9,123,5,2025-01-26,3,4,Línea 1
620,10,190,19,2025-01-26,2,3,Línea 1
621,1,83,6,2025-01-27,3,2,Línea 1
622,2,189,12,2025-01-27,3,1,Línea 2
623,3,194,17,2025-01-27,3,1,Línea 2
624,4,61,6,2025-01-27,3,3,Línea 3
625,5,114,9,2025-01-27,1,2,Línea 3
626,6,130,6,2025-01-27,2,4,Línea 3
627,7,146,11,2025-01-27,1,2,Línea 2
628,8,146,0,2025-01-27,1,2,Línea 1
629,9,51,0,2025-01-27,1,3,Línea 3
630,10,118,9,2025-01-27,1,3,Línea 1
631,1,62,3,2025-01-28,1,2,Línea 3
632,2,117,10,2025-01-28,3,2,Línea 1
633,3,59,4,2025-01-28,2,2,Línea 3
634,4,95,8,2025-01-28,2,2,Línea 1
635,5,126,7,2025-01-28,1,1,Línea 2
636,6,159,0,2025-01-28,1,3,Línea 2
637,7,199,8,2025-01-28,1,3,Línea 2
638,8,91,4,2025-01-28,3,1,Línea 2
639,9,81,7,2025-01-28,3,1,Línea 2
640,10,127,9,2025-01-28,2,1,Línea 3
641,1,77,3,2025-01-29,3,3,Línea 1
642,2,67,6,2025-01-29,2,3,Línea 3
643,3,197,0,2025-01-29,3,3,Línea 1
644,4,175,2,2025-01-29,3,2,Línea 1
645,5,160,16,2025-01-29,2,2,Línea 1
646,6,141,13,2025-01-29,3,1,Línea 3
647,7,152,9,2025-01-29,1,1,Línea 1
648,8,131,5,2025-01-29,2,3,Línea 2
649,9,121,2,2025-01-29,2,2,Línea 2
650,10,116,0,2025-01-29,2,3,Línea 3
651,1,95,2,2025-01-30,2,4,Línea 3
652,2,122,6,2025-01-30,2,1,Línea 2
653,3,112,8,2025-01-30,1,3,Línea 1
654,4,53,0,2025-01-30,1,4,Línea 2
655,5,131,7,2025-01-30,1,3,Línea 3
656,6,154,7,2025-01-30,3,4,Línea 2
657,7,159,12,2025-01-30,2,2,Línea 2
658,8,76,3,2025-01-30,2,3,Línea 2
659,9,85,2,2025-01-30,3,1,Línea 1
660,10,147,7,2025-01-30,3,1,Línea 2
661,1,77,7,2025-01-31,3,4,Línea 3
662,2,151,15,2025-01-31,2,1,Línea 1
663,3,149,2,2025-01-31,2,4,Línea 3
664,4,113,11,2025-01-31,3,4,Línea 2
665,5,190,3,2025-01-31,1,4,Línea 3
666,6,91,4,2025-01-31,3,2,Línea 1
667,7,130,1,2025-01-31,3,3,Línea 1
668,8,99,9,2025-01-31,1,2,Línea 2
669,9,164,0,2025-01-31,1,2,Línea 2
670,10,156,3,2025-01-31,1,4,Línea 3
671,1,178,13,2025-02-01,3,2,Línea 1
672,2,194,17,2025-02-01,1,3,Línea 2
673,3,154,10,2025-02-01,3,1,Línea 1
674,4,169,9,2025-02-01,1,1,Línea 2
675,5,135,4,2025-02-01,2,4,Línea 3
676,6,168,6,2025-02-01,1,2,Línea 3
677,7,197,5,2025-02-01,3,4,Línea 2
678,8,65,2,2025-02-01,3,3,Línea 3
679,9,124,6,2025-02-01,3,4,Línea 3
680,10,89,2,2025-02-01,2,4,Línea 2
681,1,142,14,2025-02-02,2,2,Línea 2
682,2,127,1,2025-02-02,2,1,Línea 2
683,3,90,8,2025-02-02,3,3,Línea 3
684,4,87,2,2025-02-02,2,4,Línea 2
685,5,136,0,2025-02-02,1,4,Línea 2
686,6,55,2,2025-02-02,3,4,Línea 1
687,7,59,2,2025-02-02,1,2,Línea 1
688,8,185,5,2025-02-02,1,3,Línea 3
689,9,192,12,2025-02-02,3,1,Línea 3
690,10,175,1,2025-02-02,3,1,Línea 3
691,1,193,12,2025-02-03,3,3,Línea 2
692,2,61,3,2025-02-03,1,4,Línea 1
693,3,70,3,2025-02-03,2,3,Línea 1
694,4,172,9,2025-02-03,2,2,Línea 3
695,5,184,7,2025-02-03,2,2,Línea 3
696,6,185,8,2025-02-03,3,2,Línea 1
697,7,144,14,2025-02-03,1,3,Línea 2
698,8,156,9,2025-02-03,1,1,Línea 3
699,9,128,5,2025-02-03,3,3,Línea 2
700,10,109,1,2025-02-03,3,2,Línea 1
701,1,127,7,2025-02-04,1,2,Línea 1
702,2,158,15,2025-02-04,1,4,Línea 1
703,3,107,6,2025-02-04,3,3,Línea 3
704,4,56,0,2025-02-04,2,1,Línea 2
705,5,122,12,2025-02-04,1,4,Línea 1
706,6,191,6,2025-02-04,3,1,Línea 3
707,7,127,0,2025-02-04,2,4,Línea 2
708,8,95,9,2025-02-04,2,4,Línea 1
709,9,191,8,2025-02-04,3,2,Línea 2
710,10,124,0,2025-02-04,2,3,Línea 3
711,1,62,4,2025-02-05,2,3,Línea 2
712,2,169,15,2025-02-05,3,4,Línea 2
713,3,106,0,2025-02-05,1,2,Línea 3
714,4,127,9,2025-02-05,2,3,Línea 3
715,5,175,16,2025-02-05,1,3,Línea 1
716,6,128,3,2025-02-05,3,1,Línea 1
717,7,188,10,2025-02-05,2,3,Línea 3
718,8,179,14,2025-02-05,3,2,Línea 1
719,9,153,13,2025-02-05,3,2,Línea 3
720,10,165,12,2025-02-05,1,1,Línea 3
721,1,151,15,2025-02-06,3,3,Línea 2
722,2,140,1,2025-02-06,2,1,Línea 1
723,3,97,5,2025-02-06,1,2,Línea 3
724,4,193,13,2025-02-06,2,2,Línea 2
725,5,170,13,2025-02-06,3,2,Línea 3
726,6,130,13,2025-02-06,2,1,Línea 2
727,7,96,7,2025-02-06,2,3,Línea 2
728,8,72,4,2025-02-06,3,1,Línea 1
729,9,56,1,2025-02-06,2,4,Línea 1
730,10,77,7,2025-02-06,3,2,Línea 2
731,1,161,1,2025-02-07,3,2,Línea 1
732,2,92,1,2025-02-07,2,3,Línea 2
733,3,178,15,2025-02-07,2,3,Línea 3
734,4,174,0,2025-02-07,3,1,Línea 1
735,5,194,9,2025-02-07,2,3,Línea 1
736,6,89,4,2025-02-07,3,1,Línea 1
737,7,53,1,2025-02-07,2,3,Línea 1
738,8,76,2,2025-02-07,2,1,Línea 1
739,9,81,3,2025-02-07,3,1,Línea 2
740,10,84,2,2025-02-07,2,2,Línea 2
741,1,195,17,2025-02-08,2,4,Línea 3
742,2,82,0,2025-02-08,3,1,Línea 1
743,3,178,16,2025-02-08,2,3,Línea 1
744,4,106,1,2025-02-08,3,4,Línea 3
745,5,62,1,2025-02-08,2,2,Línea 2
746,6,83,2,2025-02-08,1,1,Línea 2
747,7,61,5,2025-02-08,1,2,Línea 3
748,8,127,12,2025-02-08,1,4,Línea 3
749,9,91,7,2025-02-08,3,2,Línea 3
750,10,143,8,2025-02-08,3,2,Línea 2
751,1,77,3,2025-02-09,2,3,Línea 1
752,2,67,6,2025-02-09,2,4,Línea 1
753,3,78,7,2025-02-09,1,4,Línea 3
754,4,173,13,2025-02-09,3,2,Línea 3
755,5,149,13,2025-02-09,3,1,Línea 3
756,6,130,13,2025-02-09,1,1,Línea 2
757,7,161,2,2025-02-09,3,3,Línea 1
758,8,81,6,2025-02-09,3,3,Línea 1
759,9,107,7,2025-02-09,1,4,Línea 3
760,10,160,6,2025-02-09,1,3,Línea 3
761,1,123,8,2025-02-10,1,3,Línea 3
762,2,90,0,2025-02-10,1,4,Línea 3
763,3,83,3,2025-02-10,3,3,Línea 3
764,4,59,2,2025-02-10,3,4,Línea 1
765,5,54,1,2025-02-10,2,3,Línea 3
766,6,135,7,2025-02-10,3,1,Línea 1
767,7,87,4,2025-02-10,1,3,Línea 2
768,8,177,7,2025-02-10,2,3,Línea 3
769,9,93,5,2025-02-10,3,3,Línea 1
770,10,155,5,2025-02-10,1,2,Línea 1
771,1,127,9,2025-02-11,1,1,Línea 2
772,2,140,8,2025-02-11,2,4,Línea 1
773,3,52,2,2025-02-11,2,4,Línea 2
774,4,96,8,2025-02-11,1,3,Línea 2
775,5,173,7,2025-02-11,3,2,Línea 1
776,6,196,7,2025-02-11,2,3,Línea 1
777,7,140,5,2025-02-11,1,3,Línea 1
778,8,118,5,2025-02-11,1,2,Línea 1
779,9,102,5,2025-02-11,3,2,Línea 1
780,10,192,17,2025-02-11,1,2,Línea 2
781,1,97,4,2025-02-12,3,2,Línea 2
782,2,171,15,2025-02-12,1,3,Línea 2
783,3,87,8,2025-02-12,3,2,Línea 3
784,4,89,8,2025-02-12,1,2,Línea 1
785,5,108,4,2025-02-12,3,2,Línea 3
786,6,50,4,2025-02-12,2,1,Línea 2
787,7,127,12,2025-02-12,3,4,Línea 2
788,8,165,16,2025-02-12,3,3,Línea 3
789,9,109,0,2025-02-12,1,3,Línea 1
790,10,175,8,2025-02-12,3,1,Línea 1
791,1,134,8,2025-02-13,2,4,Línea 3
792,2,82,3,2025-02-13,1,2,Línea 1
793,3,192,18,2025-02-13,2,3,Línea 1
794,4,118,1,2025-02-13,3,3,Línea 2
795,5,195,8,2025-02-13,3,2,Línea 2
796,6,160,0,2025-02-13,1,3,Línea 2
797,7,144,9,2025-02-13,3,4,Línea 1
798,8,97,7,2025-02-13,3,2,Línea 3
799,9,184,18,2025-02-13,3,3,Línea 2
800,10,178,12,2025-02-13,3,1,Línea 2
801,1,192,3,2025-02-14,1,3,Línea 3
802,2,117,4,2025-02-14,2,2,Línea 1
803,3,59,3,2025-02-14,2,2,Línea 3
804,4,99,6,2025-02-14,2,1,Línea 2
805,5,176,12,2025-02-14,1,4,Línea 3
806,6,195,12,2025-02-14,3,2,Línea 1
807,7,90,9,2025-02-14,3,1,Línea 3
808,8,127,10,2025-02-14,3,3,Línea 2
809,9,79,1,2025-02-14,2,2,Línea 1
810,10,182,18,2025-02-14,3,2,Línea 2
811,1,110,9,2025-02-15,3,2,Línea 1
812,2,79,2,2025-02-15,1,2,Línea 3
813,3,170,9,2025-02-15,2,2,Línea 1
814,4,50,5,2025-02-15,1,4,Línea 1
815,5,108,9,2025-02-15,2,1,Línea 1
816,6,78,1,2025-02-15,1,2,Línea 3
817,7,122,2,2025-02-15,3,4,Línea 1
818,8,87,3,2025-02-15,1,3,Línea 1
819,9,160,7,2025-02-15,1,1,Línea 1
820,10,146,0,2025-02-15,3,3,Línea 2
821,1,182,13,2025-02-16,3,1,Línea 2
822,2,138,0,2025-02-16,2,3,Línea 2
823,3,171,17,2025-02-16,1,3,Línea 3
824,4,137,10,2025-02-16,1,3,Línea 1
825,5,145,7,2025-02-16,1,4,Línea 3
826,6,179,14,2025-02-16,1,4,Línea 2
827,7,160,8,2025-02-16,3,4,Línea 3
828,8,195,19,2025-02-16,2,4,Línea 1
829,9,73,7,2025-02-16,3,3,Línea 2
830,10,139,9,2025-02-16,2,1,Línea 1
831,1,117,0,2025-02-17,2,1,Línea 1
832,2,141,7,2025-02-17,1,2,Línea 3
833,3,161,7,2025-02-17,2,3,Línea 3
834,4,61,4,2025-02-17,1,1,Línea 2
835,5,127,12,2025-02-17,2,4,Línea 2
836,6,180,3,2025-02-17,2,3,Línea 1
837,7,180,9,2025-02-17,3,3,Línea 2
838,8,198,10,2025-02-17,1,4,Línea 2
839,9,66,5,2025-02-17,3,1,Línea 2
840,10,123,12,2025-02-17,3,1,Línea 2
841,1,115,0,2025-02-18,3,3,Línea 3
842,2,86,3,2025-02-18,3,4,Línea 3
843,3,138,0,2025-02-18,3,1,Línea 1
844,4,181,16,2025-02-18,2,1,Línea 2
845,5,127,0,2025-02-18,2,2,Línea 1
846,6,143,5,2025-02-18,2,4,Línea 2
847,7,183,3,2025-02-18,2,2,Línea 2
848,8,150,10,2025-02-18,1,3,Línea 2
849,9,132,10,2025-02-18,1,3,Línea 2
850,10,105,8,2025-02-18,3,3,Línea 1
851,1,107,8,2025-02-19,3,4,Línea 2
852,2,122,2,2025-02-19,3,3,Línea 2
853,3,112,2,2025-02-19,1,3,Línea 1
854,4,194,17,2025-02-19,1,2,Línea 3
855,5,114,10,2025-02-19,1,2,Línea 1
856,6,169,4,2025-02-19,3,4,Línea 3
857,7,104,5,2025-02-19,3,1,Línea 2
858,8,64,4,2025-02-19,1,2,Línea 1
859,9,56,0,2025-02-19,3,4,Línea 3
860,10,89,5,2025-02-19,1,2,Línea 2
861,1,152,6,2025-02-20,3,4,Línea 3
862,2,158,3,2025-02-20,1,4,Línea 3
863,3,139,9,2025-02-20,3,2,Línea 3
864,4,92,2,2025-02-20,1,4,Línea 2
865,5,146,13,2025-02-20,1,1,Línea 3
866,6,144,0,2025-02-20,2,2,Línea 3
867,7,139,13,2025-02-20,2,4,Línea 3
868,8,159,2,2025-02-20,1,1,Línea 1
869,9,104,1,2025-02-20,3,4,Línea 2
870,10,196,13,2025-02-20,3,3,Línea 2
871,1,52,2,2025-02-21,1,3,Línea 1
872,2,110,11,2025-02-21,3,1,Línea 3
873,3,88,8,2025-02-21,3,3,Línea 2
874,4,162,8,2025-02-21,2,2,Línea 3
875,5,198,8,2025-02-21,3,3,Línea 1
876,6,186,18,2025-02-21,2,4,Línea 2
877,7,89,5,2025-02-21,1,3,Línea 3
878,8,53,3,2025-02-21,2,4,Línea 1
879,9,107,2,2025-02-21,2,3,Línea 2
880,10,74,3,2025-02-21,2,3,Línea 3
881,1,107,8,2025-02-22,1,4,Línea 3
882,2,160,7,2025-02-22,2,4,Línea 2
883,3,115,7,2025-02-22,1,1,Línea 3
884,4,136,10,2025-02-22,2,4,Línea 1
885,5,97,2,2025-02-22,3,3,Línea 3
886,6,56,2,2025-02-22,1,3,Línea 1
887,7,170,12,2025-02-22,1,4,Línea 3
888,8,50,0,2025-02-22,3,2,Línea 3
889,9,160,10,2025-02-22,2,1,Línea 1
890,10,164,6,2025-02-22,1,1,Línea 1
891,1,137,1,2025-02-23,2,4,Línea 3
892,2,128,0,2025-02-23,1,3,Línea 1
893,3,148,6,2025-02-23,2,3,Línea 3
894,4,136,9,2025-02-23,1,2,Línea 3
895,5,161,9,2025-02-23,1,1,Línea 3
896,6,99,9,2025-02-23,1,3,Línea 3
897,7,167,15,2025-02-23,2,3,Línea 1
898,8,129,7,2025-02-23,3,4,Línea 2
899,9,186,4,2025-02-23,1,4,Línea 2
900,10,60,5,2025-02-23,3,4,Línea 2
901,1,123,7,2025-02-24,1,1,Línea 2
902,2,120,2,2025-02-24,2,2,Línea 1
903,3,168,11,2025-02-24,3,3,Línea 1
904,4,178,14,2025-02-24,3,2,Línea 2
905,5,87,0,2025-02-24,2,4,Línea 2
906,6,127,3,2025-02-24,3,4,Línea 3
907,7,137,9,2025-02-24,2,2,Línea 3
908,8,110,3,2025-02-24,3,2,Línea 3
909,9,135,10,2025-02-24,3,4,Línea 1
910,10,118,1,2025-02-24,1,3,Línea 2
911,1,132,8,2025-02-25,3,1,Línea 2
912,2,103,8,2025-02-25,3,4,Línea 3
913,3,173,4,2025-02-25,3,4,Línea 1
914,4,152,5,2025-02-25,2,2,Línea 1
915,5,115,2,2025-02-25,3,3,Línea 1
916,6,151,0,2025-02-25,3,3,Línea 3
917,7,182,14,2025-02-25,2,4,Línea 1
918,8,184,10,2025-02-25,1,1,Línea 2
919,9,90,2,2025-02-25,2,4,Línea 3
920,10,81,6,2025-02-25,3,4,Línea 1
921,1,158,2,2025-02-26,1,4,Línea 3
922,2,117,11,2025-02-26,1,1,Línea 2
923,3,51,5,2025-02-26,2,3,Línea 1
924,4,89,8,2025-02-26,3,4,Línea 2
925,5,129,11,2025-02-26,1,4,Línea 1
926,6,72,4,2025-02-26,1,3,Línea 1
927,7,94,9,2025-02-26,1,2,Línea 3
928,8,187,6,2025-02-26,1,1,Línea 2
929,9,64,4,2025-02-26,2,2,Línea 2
930,10,136,12,2025-02-26,1,3,Línea 2
931,1,61,4,2025-02-27,2,2,Línea 3
932,2,164,13,2025-02-27,2,1,Línea 2
933,3,80,1,2025-02-27,3,1,Línea 2
934,4,62,3,2025-02-27,3,4,Línea 2
935,5,150,2,2025-02-27,2,4,Línea 3
936,6,68,5,2025-02-27,3,4,Línea 1
937,7,198,0,2025-02-27,2,3,Línea 3
938,8,96,4,2025-02-27,2,1,Línea 1
939,9,197,13,2025-02-27,2,1,Línea 3
940,10,121,1,2025-02-27,1,3,Línea 2
941,1,174,17,2025-02-28,3,4,Línea 1
942,2,182,14,2025-02-28,1,3,Línea 2
943,3,71,5,2025-02-28,1,3,Línea 3
944,4,109,5,2025-02-28,2,3,Línea 2
945,5,94,1,2025-02-28,2,3,Línea 1
946,6,192,16,2025-02-28,2,4,Línea 2
947,7,160,2,2025-02-28,1,3,Línea 1
948,8,106,0,2025-02-28,1,2,Línea 1
949,9,89,4,2025-02-28,2,4,Línea 2
950,10,147,2,2025-02-28,3,1,Línea 1
951,1,54,0,2025-03-01,2,3,Línea 2
952,2,97,6,2025-03-01,2,4,Línea 1
953,3,80,0,2025-03-01,3,3,Línea 1
954,4,57,0,2025-03-01,2,3,Línea 3
955,5,185,18,2025-03-01,1,3,Línea 3
956,6,60,5,2025-03-01,1,2,Línea 2
957,7,141,0,2025-03-01,3,3,Línea 1
958,8,165,4,2025-03-01,3,4,Línea 2
959,9,126,5,2025-03-01,1,3,Línea 1
960,10,141,5,2025-03-01,3,3,Línea 1
961,1,134,6,2025-03-02,1,4,Línea 2
962,2,146,10,2025-03-02,1,1,Línea 2
963,3,186,12,2025-03-02,1,2,Línea 1
964,4,96,6,2025-03-02,2,2,Línea 3
965,5,183,1,2025-03-02,3,1,Línea 2
966,6,119,7,2025-03-02,3,4,Línea 1
967,7,83,8,2025-03-02,3,4,Línea 2
968,8,187,17,2025-03-02,2,2,Línea 3
969,9,55,0,2025-03-02,1,4,Línea 2
970,10,144,14,2025-03-02,2,1,Línea 2
971,1,189,2,2025-03-03,3,1,Línea 1
972,2,55,0,2025-03-03,2,4,Línea 1
973,3,199,7,2025-03-03,3,4,Línea 1
974,4,190,17,2025-03-03,2,1,Línea 2
975,5,191,10,2025-03-03,3,2,Línea 1
976,6,66,2,2025-03-03,2,2,Línea 1
977,7,142,5,2025-03-03,2,1,Línea 3
978,8,158,7,2025-03-03,2,3,Línea 3
979,9,148,14,2025-03-03,2,3,Línea 1
980,10,114,7,2025-03-03,2,4,Línea 3
981,1,133,8,2025-03-04,1,3,Línea 1
982,2,108,6,2025-03-04,2,2,Línea 3
983,3,56,1,2025-03-04,2,3,Línea 2
984,4,61,3,2025-03-04,1,3,Línea 3
985,5,189,12,2025-03-04,2,1,Línea 1
986,6,109,2,2025-03-04,1,2,Línea 1
987,7,170,7,2025-03-04,1,1,Línea 1
988,8,81,5,2025-03-04,3,3,Línea 1
989,9,134,5,2025-03-04,1,3,Línea 3
990,10,159,10,2025-03-04,2,1,Línea 1
991,1,83,2,2025-03-05,2,2,Línea 2
992,2,198,4,2025-03-05,3,2,Línea 1
993,3,129,4,2025-03-05,3,1,Línea 2
994,4,89,4,2025-03-05,2,4,Línea 3
995,5,112,11,2025-03-05,3,4,Línea 2
996,6,186,0,2025-03-05,3,4,Línea 1
997,7,168,5,2025-03-05,2,2,Línea 3
998,8,129,3,2025-03-05,2,3,Línea 3
999,9,115,1,2025-03-05,2,4,Línea 1
1000,10,163,15,2025-03-05,1,2,Línea 3
1001,1,178,6,2025-03-06,3,2,Línea 3
1002,2,155,0,2025-03-06,3,4,Línea 2
1003,3,191,13,2025-03-06,3,3,Línea 3
1004,4,199,3,2025-03-06,3,4,Línea 2
1005,5,159,2,2025-03-06,2,3,Línea 3
1006,6,160,4,2025-03-06,2,1,Línea 3
1007,7,56,1,2025-03-06,2,4,Línea 2
1008,8,125,9,2025-03-06,3,2,Línea 1
1009,9,151,13,2025-03-06,1,1,Línea 1
1010,10,111,3,2025-03-06,1,3,Línea 2
1011,1,93,2,2025-03-07,2,2,Línea 3
1012,2,174,12,2025-03-07,3,4,Línea 1
1013,3,137,13,2025-03-07,1,4,Línea 1
1014,4,81,1,2025-03-07,3,1,Línea 3
1015,5,78,7,2025-03-07,2,2,Línea 1
1016,6,121,12,2025-03-07,2,1,Línea 2
1017,7,72,1,2025-03-07,3,2,Línea 2
1018,8,83,4,2025-03-07,1,1,Línea 2
1019,9,88,6,2025-03-07,2,1,Línea 3
1020,10,167,5,2025-03-07,2,2,Línea 1
1021,1,154,12,2025-03-08,1,2,Línea 2
1022,2,181,11,2025-03-08,3,4,Línea 3
1023,3,166,14,2025-03-08,3,1,Línea 2
1024,4,105,0,2025-03-08,3,3,Línea 2
1025,5,177,15,2025-03-08,2,1,Línea 1
1026,6,126,0,2025-03-08,1,2,Línea 2
1027,7,71,4,2025-03-08,3,3,Línea 3
1028,8,190,13,2025-03-08,3,1,Línea 2
1029,9,159,3,2025-03-08,3,1,Línea 2
1030,10,112,6,2025-03-08,2,1,Línea 2
1031,1,77,1,2025-03-09,3,1,Línea 3
1032,2,181,12,2025-03-09,2,3,Línea 3
1033,3,146,8,2025-03-09,3,2,Línea 1
1034,4,125,5,2025-03-09,1,2,Línea 1
1035,5,111,10,2025-03-09,1,1,Línea 3
1036,6,58,4,2025-03-09,3,4,Línea 3
1037,7,79,2,2025-03-09,3,4,Línea 1
1038,8,92,8,2025-03-09,3,4,Línea 3
1039,9,136,8,2025-03-09,1,2,Línea 3
1040,10,108,1,2025-03-09,1,1,Línea 2
1041,1,56,4,2025-03-10,1,2,Línea 2
1042,2,63,2,2025-03-10,3,3,Línea 2
1043,3,153,12,2025-03-10,3,4,Línea 2
1044,4,164,3,2025-03-10,1,4,Línea 1
1045,5,98,3,2025-03-10,2,4,Línea 2
1046,6,105,7,2025-03-10,2,2,Línea 1
1047,7,118,0,2025-03-10,1,2,Línea 2
1048,8,102,6,2025-03-10,3,3,Línea 1
1049,9,197,10,2025-03-10,3,2,Línea 3
1050,10,52,0,2025-03-10,3,4,Línea 1
1051,1,103,4,2025-03-11,3,3,Línea 3
1052,2,96,8,2025-03-11,3,4,Línea 2
1053,3,90,7,2025-03-11,2,3,Línea 2
1054,4,54,0,2025-03-11,1,2,Línea 3
1055,5,90,0,2025-03-11,3,4,Línea 2
1056,6,102,9,2025-03-11,2,3,Línea 2
1057,7,98,6,2025-03-11,2,3,Línea 3
1058,8,70,1,2025-03-11,1,4,Línea 3
1059,9,89,2,2025-03-11,1,4,Línea 3
1060,10,123,11,2025-03-11,1,4,Línea 1
1061,1,53,3,2025-03-12,1,3,Línea 2
1062,2,128,9,2025-03-12,3,4,Línea 3
1063,3,176,8,2025-03-12,2,1,Línea 1
1064,4,145,2,2025-03-12,2,4,Línea 2
1065,5,67,4,2025-03-12,1,4,Línea 2
1066,6,189,3,2025-03-12,1,3,Línea 3
1067,7,83,1,2025-03-12,1,4,Línea 2
1068,8,159,3,2025-03-12,2,3,Línea 3
1069,9,120,1,2025-03-12,1,3,Línea 2
1070,10,192,0,2025-03-12,1,1,Línea 1
1071,1,157,7,2025-03-13,2,3,Línea 1
1072,2,184,7,2025-03-13,3,2,Línea 1
1073,3,143,13,2025-03-13,3,2,Línea 1
1074,4,191,13,2025-03-13,2,2,Línea 1
1075,5,195,3,2025-03-13,1,1,Línea 3
1076,6,193,3,2025-03-13,3,3,Línea 3
1077,7,113,0,2025-03-13,3,4,Línea 2
1078,8,69,0,2025-03-13,1,1,Línea 2
1079,9,118,9,2025-03-13,3,1,Línea 2
1080,10,117,6,2025-03-13,1,3,Línea 1
1081,1,183,14,2025-03-14,1,3,Línea 3
1082,2,151,13,2025-03-14,2,2,Línea 3
1083,3,132,11,2025-03-14,1,1,Línea 1
1084,4,55,2,2025-03-14,1,1,Línea 3
1085,5,171,0,2025-03-14,3,3,Línea 1
1086,6,185,1,2025-03-14,2,1,Línea 1
1087,7,62,5,2025-03-14,1,3,Línea 2
1088,8,135,4,2025-03-14,2,3,Línea 2
1089,9,160,11,2025-03-14,1,4,Línea 3
1090,10,56,0,2025-03-14,1,1,Línea 3
1091,1,153,11,2025-03-15,3,1,Línea 2
1092,2,50,5,2025-03-15,1,3,Línea 2
1093,3,84,5,2025-03-15,2,4,Línea 3
1094,4,71,4,2025-03-15,1,4,Línea 2
1095,5,136,13,2025-03-15,3,3,Línea 3
1096,6,82,2,2025-03-15,3,4,Línea 3
1097,7,173,14,2025-03-15,1,4,Línea 3
1098,8,124,0,2025-03-15,3,1,Línea 1
1099,9,105,0,2025-03-15,2,2,Línea 2
1100,10,55,3,2025-03-15,1,3,Línea 2
1101,1,81,4,2025-03-16,1,1,Línea 1
1102,2,188,2,2025-03-16,3,4,Línea 2
1103,3,152,0,2025-03-16,3,2,Línea 1
1104,4,68,1,2025-03-16,3,3,Línea 3
1105,5,66,1,2025-03-16,1,3,Línea 2
1106,6,84,4,2025-03-16,1,3,Línea 2
1107,7,50,3,2025-03-16,3,3,Línea 2
1108,8,104,3,2025-03-16,3,4,Línea 1
1109,9,100,2,2025-03-16,2,4,Línea 3
1110,10,193,2,2025-03-16,3,4,Línea 2
1111,1,50,1,2025-03-17,1,2,Línea 3
1112,2,184,4,2025-03-17,1,4,Línea 2
1113,3,137,9,2025-03-17,1,1,Línea 2
1114,4,122,0,2025-03-17,1,1,Línea 3
1115,5,77,6,2025-03-17,1,4,Línea 2
1116,6,187,13,2025-03-17,3,4,Línea 2
1117,7,137,1,2025-03-17,1,1,Línea 1
1118,8,74,5,2025-03-17,2,4,Línea 2
1119,9,195,3,2025-03-17,2,3,Línea 2
1120,10,160,7,2025-03-17,2,4,Línea 3
1121,1,84,5,2025-03-18,2,2,Línea 2
1122,2,110,7,2025-03-18,3,3,Línea 1
1123,3,113,6,2025-03-18,2,3,Línea 3
1124,4,94,8,2025-03-18,3,2,Línea 3
1125,5,190,2,2025-03-18,1,2,Línea 3
1126,6,162,5,2025-03-18,3,2,Línea 2
1127,7,116,11,2025-03-18,2,2,Línea 2
1128,8,78,3,2025-03-18,2,1,Línea 1
1129,9,166,8,2025-03-18,2,1,Línea 1
1130,10,59,5,2025-03-18,3,4,Línea 2
1131,1,162,1,2025-03-19,2,3,Línea 3
1132,2,152,0,2025-03-19,3,1,Línea 2
1133,3,191,1,2025-03-19,3,2,Línea 3
1134,4,126,5,2025-03-19,1,3,Línea 3
1135,5,63,2,2025-03-19,2,2,Línea 1
1136,6,157,14,2025-03-19,1,2,Línea 1
1137,7,97,7,2025-03-19,1,1,Línea 2
1138,8,195,4,2025-03-19,2,1,Línea 3
1139,9,139,2,2025-03-19,1,3,Línea 2
1140,10,178,16,2025-03-19,1,3,Línea 1
1141,1,102,5,2025-03-20,1,3,Línea 2
1142,2,185,12,2025-03-20,2,1,Línea 2
1143,3,148,12,2025-03-20,3,1,Línea 3
1144,4,117,2,2025-03-20,2,1,Línea 2
1145,5,170,3,2025-03-20,3,3,Línea 3
1146,6,171,15,2025-03-20,3,4,Línea 1
1147,7,85,7,2025-03-20,1,1,Línea 3
1148,8,184,11,2025-03-20,2,1,Línea 1
1149,9,115,6,2025-03-20,3,1,Línea 2
1150,10,152,0,2025-03-20,3,3,Línea 3
1151,1,70,5,2025-03-21,2,3,Línea 2
1152,2,160,2,2025-03-21,2,4,Línea 1
1153,3,85,6,2025-03-21,2,4,Línea 2
1154,4,117,1,2025-03-21,3,3,Línea 3
1155,5,78,2,2025-03-21,1,1,Línea 1
1156,6,168,2,2025-03-21,1,1,Línea 1
1157,7,188,10,2025-03-21,1,1,Línea 2
1158,8,102,7,2025-03-21,2,3,Línea 3
1159,9,85,3,2025-03-21,1,4,Línea 2
1160,10,128,8,2025-03-21,3,2,Línea 2
1161,1,65,4,2025-03-22,3,3,Línea 3
1162,2,92,6,2025-03-22,1,4,Línea 3
1163,3,57,1,2025-03-22,3,2,Línea 1
1164,4,119,4,2025-03-22,1,1,Línea 3
1165,5,55,2,2025-03-22,1,3,Línea 3
1166,6,63,6,2025-03-22,3,1,Línea 1
1167,7,139,0,2025-03-22,3,3,Línea 3
1168,8,102,6,2025-03-22,1,1,Línea 1
1169,9,147,1,2025-03-22,3,3,Línea 3
1170,10,186,2,2025-03-22,3,1,Línea 2
1171,1,133,4,2025-03-23,2,4,Línea 3
1172,2,74,3,2025-03-23,1,2,Línea 2
1173,3,135,10,2025-03-23,2,3,Línea 2
1174,4,69,2,2025-03-23,2,3,Línea 3
1175,5,147,8,2025-03-23,2,1,Línea 2
1176,6,59,4,2025-03-23,2,2,Línea 3
1177,7,156,10,2025-03-23,3,1,Línea 2
1178,8,95,0,2025-03-23,1,2,Línea 3
1179,9,122,7,2025-03-23,1,1,Línea 2
1180,10,53,0,2025-03-23,3,2,Línea 3
1181,1,192,19,2025-03-24,1,4,Línea 2
1182,2,118,10,2025-03-24,1,4,Línea 1
1183,3,90,0,2025-03-24,1,1,Línea 1
1184,4,97,1,2025-03-24,2,4,Línea 1
1185,5,193,2,2025-03-24,3,2,Línea 3
1186,6,155,0,2025-03-24,1,4,Línea 3
1187,7,138,0,2025-03-24,2,4,Línea 3
1188,8,74,3,2025-03-24,3,1,Línea 2
1189,9,162,3,2025-03-24,3,3,Línea 2
1190,10,183,6,2025-03-24,2,1,Línea 1
1191,1,74,0,2025-03-25,1,1,Línea 3
1192,2,122,5,2025-03-25,2,2,Línea 2
1193,3,186,2,2025-03-25,1,4,Línea 3
1194,4,142,11,2025-03-25,3,4,Línea 2
1195,5,87,2,2025-03-25,3,4,Línea 3
1196,6,191,14,2025-03-25,3,3,Línea 2
1197,7,196,1,2025-03-25,3,1,Línea 2
1198,8,87,5,2025-03-25,1,2,Línea 2
1199,9,119,5,2025-03-25,1,4,Línea 3
1200,10,123,8,2025-03-25,2,3,Línea 3
1201,1,85,8,2025-03-26,3,2,Línea 1
1202,2,52,5,2025-03-26,1,2,Línea 3
1203,3,119,4,2025-03-26,2,3,Línea 1
1204,4,153,12,2025-03-26,3,2,Línea 2
1205,5,128,4,2025-03-26,3,4,Línea 1
1206,6,187,18,2025-03-26,1,2,Línea 3
1207,7,181,10,2025-03-26,1,1,Línea 1
1208,8,58,2,2025-03-26,2,3,Línea 1
1209,9,140,12,2025-03-26,2,4,Línea 1
1210,10,198,0,2025-03-26,1,4,Línea 1
1211,1,102,7,2025-03-27,2,2,Línea 3
1212,2,62,2,2025-03-27,2,2,Línea 1
1213,3,180,2,2025-03-27,1,2,Línea 3
1214,4,123,6,2025-03-27,3,4,Línea 1
1215,5,184,14,2025-03-27,2,3,Línea 2
1216,6,76,5,2025-03-27,3,3,Línea 1
1217,7,70,6,2025-03-27,2,2,Línea 3
1218,8,52,3,2025-03-27,2,1,Línea 2
1219,9,99,1,2025-03-27,2,3,Línea 1
1220,10,99,6,2025-03-27,2,3,Línea 2
1221,1,97,0,2025-03-28,1,3,Línea 2
1222,2,126,8,2025-03-28,1,1,Línea 1
1223,3,65,2,2025-03-28,3,4,Línea 1
1224,4,159,3,2025-03-28,2,2,Línea 2
1225,5,133,12,2025-03-28,3,1,Línea 2
1226,6,167,2,2025-03-28,2,4,Línea 2
1227,7,59,0,2025-03-28,2,2,Línea 1
1228,8,55,1,2025-03-28,1,4,Línea 1
1229,9,91,3,2025-03-28,1,4,Línea 3
1230,10,93,6,2025-03-28,1,3,Línea 1
1231,1,193,17,2025-03-29,1,1,Línea 3
1232,2,166,9,2025-03-29,2,2,Línea 3
1233,3,123,5,2025-03-29,1,2,Línea 3
1234,4,101,5,2025-03-29,3,1,Línea 1
1235,5,61,1,2025-03-29,1,2,Línea 1
1236,6,168,1,2025-03-29,2,3,Línea 1
1237,7,169,7,2025-03-29,3,3,Línea 1
1238,8,62,0,2025-03-29,3,1,Línea 2
1239,9,168,12,2025-03-29,3,3,Línea 1
1240,10,102,0,2025-03-29,3,1,Línea 2
1241,1,196,2,2025-03-30,2,2,Línea 2
1242,2,162,7,2025-03-30,2,4,Línea 1
1243,3,72,5,2025-03-30,3,1,Línea 2
1244,4,137,8,2025-03-30,3,1,Línea 3
1245,5,58,3,2025-03-30,3,1,Línea 2
1246,6,57,1,2025-03-30,1,3,Línea 1
1247,7,99,8,2025-03-30,1,4,Línea 3
1248,8,102,1,2025-03-30,2,3,Línea 1
1249,9,102,1,2025-03-30,3,3,Línea 3
1250,10,173,5,2025-03-30,3,3,Línea 1
1251,1,69,4,2025-03-31,3,2,Línea 2
1252,2,85,4,2025-03-31,3,2,Línea 2
1253,3,95,7,2025-03-31,1,2,Línea 2
1254,4,77,6,2025-03-31,3,1,Línea 1
1255,5,58,0,2025-03-31,2,4,Línea 3
1256,6,119,6,2025-03-31,1,1,Línea 3
1257,7,114,11,2025-03-31,3,1,Línea 1
1258,8,117,6,2025-03-31,3,4,Línea 1
1259,9,182,5,2025-03-31,2,1,Línea 3
1260,10,103,9,2025-03-31,3,1,Línea 3
1261,1,140,13,2025-04-01,1,2,Línea 3
1262,2,160,7,2025-04-01,1,3,Línea 3
1263,3,62,1,2025-04-01,1,4,Línea 3
1264,4,58,3,2025-04-01,2,4,Línea 3
1265,5,195,9,2025-04-01,1,2,Línea 1
1266,6,138,12,2025-04-01,2,3,Línea 1
1267,7,147,7,2025-04-01,1,2,Línea 3
1268,8,93,1,2025-04-01,3,2,Línea 1
1269,9,179,15,2025-04-01,3,4,Línea 1
1270,10,50,1,2025-04-01,3,2,Línea 2
1271,1,187,18,2025-04-02,2,4,Línea 1
1272,2,163,7,2025-04-02,2,3,Línea 1
1273,3,198,17,2025-04-02,2,1,Línea 1
1274,4,119,1,2025-04-02,1,4,Línea 3
1275,5,140,4,2025-04-02,3,2,Línea 2
1276,6,106,9,2025-04-02,2,2,Línea 3
1277,7,161,12,2025-04-02,3,2,Línea 1
1278,8,196,5,2025-04-02,1,4,Línea 1
1279,9,103,4,2025-04-02,3,1,Línea 1
1280,10,63,6,2025-04-02,2,3,Línea 2
1281,1,50,3,2025-04-03,1,4,Línea 2
1282,2,98,2,2025-04-03,3,1,Línea 2
1283,3,55,2,2025-04-03,1,4,Línea 1
1284,4,148,0,2025-04-03,1,1,Línea 3
1285,5,160,10,2025-04-03,2,2,Línea 3
1286,6,182,3,2025-04-03,1,1,Línea 2
1287,7,105,0,2025-04-03,3,2,Línea 2
1288,8,165,15,2025-04-03,2,1,Línea 2
1289,9,108,9,2025-04-03,3,4,Línea 3
1290,10,186,16,2025-04-03,1,1,Línea 1
1291,1,88,7,2025-04-04,1,2,Línea 2
1292,2,59,4,2025-04-04,3,3,Línea 3
1293,3,188,5,2025-04-04,2,4,Línea 3
1294,4,62,2,2025-04-04,3,4,Línea 1
1295,5,84,5,2025-04-04,1,1,Línea 3
1296,6,83,7,2025-04-04,2,2,Línea 3
1297,7,161,15,2025-04-04,2,3,Línea 2
1298,8,104,7,2025-04-04,1,1,Línea 3
1299,9,164,1,2025-04-04,1,2,Línea 3
1300,10,103,1,2025-04-04,3,4,Línea 1
1301,1,55,2,2025-04-05,2,3,Línea 3
1302,2,172,7,2025-04-05,1,4,Línea 1
1303,3,96,4,2025-04-05,2,4,Línea 1
1304,4,66,1,2025-04-05,2,2,Línea 3
1305,5,59,5,2025-04-05,2,3,Línea 1
1306,6,176,13,2025-04-05,3,3,Línea 1
1307,7,120,3,2025-04-05,1,3,Línea 3
1308,8,95,7,2025-04-05,2,2,Línea 2
1309,9,57,2,2025-04-05,2,1,Línea 2
1310,10,128,4,2025-04-05,2,1,Línea 2
1311,1,113,1,2025-04-06,1,3,Línea 2
1312,2,191,9,2025-04-06,2,4,Línea 3
1313,3,153,14,2025-04-06,2,3,Línea 1
1314,4,76,4,2025-04-06,1,4,Línea 3
1315,5,128,7,2025-04-06,1,1,Línea 3
1316,6,185,2,2025-04-06,3,2,Línea 1
1317,7,60,2,2025-04-06,2,4,Línea 3
1318,8,103,0,2025-04-06,2,2,Línea 1
1319,9,97,3,2025-04-06,2,2,Línea 3
1320,10,191,10,2025-04-06,2,1,Línea 1
1321,1,177,14,2025-04-07,2,1,Línea 1
1322,2,176,8,2025-04-07,3,2,Línea 3
1323,3,199,13,2025-04-07,1,2,Línea 2
1324,4,187,6,2025-04-07,1,3,Línea 3
1325,5,145,11,2025-04-07,1,3,Línea 3
1326,6,129,9,2025-04-07,3,1,Línea 3
1327,7,57,1,2025-04-07,3,1,Línea 2
1328,8,172,2,2025-04-07,3,2,Línea 3
1329,9,164,16,2025-04-07,1,4,Línea 1
1330,10,194,9,2025-04-07,1,2,Línea 2
1331,1,111,10,2025-04-08,2,3,Línea 2
1332,2,168,11,2025-04-08,3,4,Línea 1
1333,3,199,11,2025-04-08,1,2,Línea 1
1334,4,160,15,2025-04-08,1,1,Línea 2
1335,5,67,5,2025-04-08,1,3,Línea 2
1336,6,127,8,2025-04-08,2,4,Línea 2
1337,7,103,6,2025-04-08,1,4,Línea 3
1338,8,103,7,2025-04-08,1,3,Línea 2
1339,9,158,3,2025-04-08,1,4,Línea 2
1340,10,114,4,2025-04-08,3,1,Línea 3
1341,1,160,16,2025-04-09,1,3,Línea 1
1342,2,96,2,2025-04-09,2,1,Línea 1
1343,3,93,7,2025-04-09,1,3,Línea 1
1344,4,180,10,2025-04-09,2,1,Línea 1
1345,5,173,12,2025-04-09,2,1,Línea 2
1346,6,152,8,2025-04-09,3,4,Línea 2
1347,7,86,8,2025-04-09,1,4,Línea 2
1348,8,132,8,2025-04-09,2,3,Línea 2
1349,9,157,13,2025-04-09,1,4,Línea 2
1350,10,157,11,2025-04-09,2,3,Línea 1
1351,1,155,15,2025-04-10,2,3,Línea 2
1352,2,175,13,2025-04-10,2,3,Línea 2
1353,3,139,11,2025-04-10,2,4,Línea 2
1354,4,185,8,2025-04-10,1,1,Línea 1
1355,5,196,16,2025-04-10,3,4,Línea 1
1356,6,172,13,2025-04-10,1,1,Línea 1
1357,7,112,0,2025-04-10,1,1,Línea 3
1358,8,73,5,2025-04-10,3,1,Línea 1
1359,9,174,1,2025-04-10,2,3,Línea 2
1360,10,169,8,2025-04-10,3,4,Línea 2
1361,1,75,1,2025-04-11,2,4,Línea 2
1362,2,142,0,2025-04-11,2,3,Línea 1
1363,3,82,1,2025-04-11,3,4,Línea 1
1364,4,151,11,2025-04-11,3,2,Línea 1
1365,5,72,6,2025-04-11,1,4,Línea 1
1366,6,183,4,2025-04-11,1,3,Línea 2
1367,7,112,4,2025-04-11,1,4,Línea 1
1368,8,59,2,2025-04-11,3,1,Línea 3
1369,9,145,10,2025-04-11,2,2,Línea 3
1370,10,194,8,2025-04-11,1,1,Línea 2
1371,1,154,4,2025-04-12,1,1,Línea 2
1372,2,164,15,2025-04-12,3,4,Línea 1
1373,3,126,2,2025-04-12,2,2,Línea 2
1374,4,87,5,2025-04-12,2,2,Línea 2
1375,5,159,4,2025-04-12,3,1,Línea 3
1376,6,189,0,2025-04-12,1,3,Línea 2
1377,7,103,7,2025-04-12,2,4,Línea 2
1378,8,179,9,2025-04-12,2,2,Línea 1
1379,9,198,11,2025-04-12,1,4,Línea 3
1380,10,173,1,2025-04-12,3,4,Línea 3
1381,1,147,3,2025-04-13,2,4,Línea 2
1382,2,157,6,2025-04-13,2,1,Línea 2
1383,3,165,5,2025-04-13,2,4,Línea 1
1384,4,87,0,2025-04-13,1,3,Línea 1
1385,5,110,5,2025-04-13,3,3,Línea 2
1386,6,134,5,2025-04-13,1,2,Línea 3
1387,7,186,14,2025-04-13,1,2,Línea 2
1388,8,72,2,2025-04-13,1,3,Línea 1
1389,9,120,2,2025-04-13,1,3,Línea 3
1390,10,181,1,2025-04-13,2,1,Línea 3
1391,1,166,1,2025-04-14,3,3,Línea 3
1392,2,71,1,2025-04-14,2,1,Línea 3
1393,3,95,8,2025-04-14,2,3,Línea 1
1394,4,95,0,2025-04-14,1,1,Línea 1
1395,5,130,13,2025-04-14,1,1,Línea 3
1396,6,115,9,2025-04-14,2,1,Línea 3
1397,7,167,5,2025-04-14,3,3,Línea 1
1398,8,103,1,2025-04-14,3,4,Línea 3
1399,9,161,3,2025-04-14,1,2,Línea 3
1400,10,67,5,2025-04-14,2,4,Línea 3
1401,1,83,2,2025-04-15,1,1,Línea 3
1402,2,191,4,2025-04-15,1,3,Línea 3
1403,3,132,10,2025-04-15,3,4,Línea 3
1404,4,85,1,2025-04-15,2,2,Línea 2
1405,5,138,1,2025-04-15,1,4,Línea 1
1406,6,50,2,2025-04-15,1,1,Línea 1
1407,7,140,9,2025-04-15,2,4,Línea 1
1408,8,81,0,2025-04-15,2,2,Línea 2
1409,9,110,8,2025-04-15,1,2,Línea 3
1410,10,147,5,2025-04-15,3,3,Línea 2
1411,1,164,14,2025-04-16,3,4,Línea 2
1412,2,97,1,2025-04-16,3,4,Línea 1
1413,3,177,5,2025-04-16,1,3,Línea 1
1414,4,91,3,2025-04-16,1,4,Línea 2
1415,5,182,0,2025-04-16,1,4,Línea 3
1416,6,150,4,2025-04-16,1,2,Línea 1
1417,7,183,17,2025-04-16,2,3,Línea 3
1418,8,60,1,2025-04-16,3,3,Línea 1
1419,9,158,10,2025-04-16,3,2,Línea 3
1420,10,193,6,2025-04-16,1,3,Línea 2
1421,1,168,16,2025-04-17,1,1,Línea 1
1422,2,79,7,2025-04-17,2,4,Línea 2
1423,3,100,7,2025-04-17,3,4,Línea 2
1424,4,104,2,2025-04-17,1,4,Línea 1
1425,5,111,3,2025-04-17,1,1,Línea 1
1426,6,136,8,2025-04-17,1,1,Línea 3
1427,7,119,2,2025-04-17,3,4,Línea 1
1428,8,103,0,2025-04-17,1,2,Línea 2
1429,9,187,18,2025-04-17,1,4,Línea 1
1430,10,159,10,2025-04-17,3,3,Línea 2
1431,1,123,7,2025-04-18,1,2,Línea 3
1432,2,158,1,2025-04-18,1,1,Línea 3
1433,3,107,7,2025-04-18,2,2,Línea 2
1434,4,58,0,2025-04-18,3,2,Línea 2
1435,5,154,1,2025-04-18,3,2,Línea 2
1436,6,86,1,2025-04-18,3,3,Línea 3
1437,7,100,4,2025-04-18,2,1,Línea 3
1438,8,155,7,2025-04-18,1,2,Línea 3
1439,9,145,11,2025-04-18,3,2,Línea 2
1440,10,188,8,2025-04-18,3,2,Línea 1
1441,1,107,9,2025-04-19,1,1,Línea 1
1442,2,121,0,2025-04-19,2,2,Línea 1
1443,3,122,11,2025-04-19,2,3,Línea 3
1444,4,161,3,2025-04-19,2,1,Línea 1
1445,5,61,5,2025-04-19,3,4,Línea 2
1446,6,119,11,2025-04-19,1,4,Línea 1
1447,7,166,2,2025-04-19,2,4,Línea 2
1448,8,96,8,2025-04-19,2,3,Línea 1
1449,9,186,13,2025-04-19,1,3,Línea 1
1450,10,181,1,2025-04-19,3,1,Línea 1
1451,1,50,3,2025-04-20,3,1,Línea 2
1452,2,174,6,2025-04-20,2,3,Línea 2
1453,3,165,14,2025-04-20,2,4,Línea 1
1454,4,91,2,2025-04-20,3,4,Línea 2
1455,5,90,4,2025-04-20,1,2,Línea 3
1456,6,145,7,2025-04-20,2,3,Línea 3
1457,7,181,15,2025-04-20,2,2,Línea 1
1458,8,136,4,2025-04-20,1,4,Línea 2
1459,9,162,16,2025-04-20,1,4,Línea 2
1460,10,194,13,2025-04-20,2,2,Línea 3
1461,1,75,3,2025-04-21,3,2,Línea 2
1462,2,199,6,2025-04-21,1,2,Línea 3
1463,3,119,8,2025-04-21,3,2,Línea 2
1464,4,85,4,2025-04-21,3,2,Línea 2
1465,5,64,0,2025-04-21,1,1,Línea 1
1466,6,86,7,2025-04-21,2,2,Línea 2
1467,7,64,0,2025-04-21,3,1,Línea 1
1468,8,171,9,2025-04-21,1,1,Línea 2
1469,9,194,3,2025-04-21,2,3,Línea 1
1470,10,150,7,2025-04-21,3,1,Línea 3
1471,1,72,6,2025-04-22,3,1,Línea 3
1472,2,107,5,2025-04-22,3,2,Línea 1
1473,3,153,4,2025-04-22,2,2,Línea 2
1474,4,83,7,2025-04-22,1,3,Línea 1
1475,5,112,5,2025-04-22,2,2,Línea 2
1476,6,169,4,2025-04-22,3,3,Línea 2
1477,7,158,13,2025-04-22,3,4,Línea 3
1478,8,118,5,2025-04-22,2,4,Línea 1
1479,9,167,16,2025-04-22,2,2,Línea 3
1480,10,124,8,2025-04-22,2,4,Línea 2
1481,1,107,4,2025-04-23,1,4,Línea 1
1482,2,181,9,2025-04-23,1,3,Línea 3
1483,3,58,1,2025-04-23,3,3,Línea 2
1484,4,163,6,2025-04-23,3,1,Línea 1
1485,5,84,6,2025-04-23,2,2,Línea 3
1486,6,107,4,2025-04-23,1,3,Línea 3
1487,7,113,2,2025-04-23,1,4,Línea 2
1488,8,143,4,2025-04-23,1,2,Línea 3
1489,9,170,17,2025-04-23,3,3,Línea 2
1490,10,82,3,2025-04-23,1,4,Línea 2
1491,1,72,5,2025-04-24,3,3,Línea 2
1492,2,159,4,2025-04-24,2,1,Línea 2
1493,3,178,3,2025-04-24,1,1,Línea 3
1494,4,199,3,2025-04-24,2,4,Línea 1
1495,5,177,10,2025-04-24,1,3,Línea 3
1496,6,111,1,2025-04-24,1,3,Línea 2
1497,7,101,3,2025-04-24,1,2,Línea 3
1498,8,114,1,2025-04-24,1,2,Línea 1
1499,9,125,7,2025-04-24,2,4,Línea 2
1500,10,120,9,2025-04-24,2,3,Línea 2
1501,1,151,6,2025-04-25,1,2,Línea 1
1502,2,131,13,2025-04-25,3,2,Línea 1
1503,3,146,10,2025-04-25,2,4,Línea 2
1504,4,84,3,2025-04-25,1,1,Línea 3
1505,5,75,0,2025-04-25,2,1,Línea 2
1506,6,86,0,2025-04-25,3,1,Línea 1
1507,7,182,1,2025-04-25,1,3,Línea 2
1508,8,191,4,2025-04-25,3,4,Línea 2
1509,9,115,3,2025-04-25,3,4,Línea 3
1510,10,122,9,2025-04-25,3,2,Línea 3
1511,1,91,5,2025-04-26,1,2,Línea 1
1512,2,70,3,2025-04-26,2,4,Línea 2
1513,3,198,3,2025-04-26,3,2,Línea 2
1514,4,71,4,2025-04-26,3,3,Línea 3
1515,5,126,1,2025-04-26,2,4,Línea 1
1516,6,87,8,2025-04-26,3,1,Línea 2
1517,7,60,4,2025-04-26,1,2,Línea 1
1518,8,87,0,2025-04-26,3,3,Línea 1
1519,9,192,5,2025-04-26,1,1,Línea 2
1520,10,199,3,2025-04-26,1,2,Línea 3
1521,1,146,10,2025-04-27,1,3,Línea 1
1522,2,106,8,2025-04-27,1,3,Línea 2
1523,3,58,4,2025-04-27,1,4,Línea 1
1524,4,199,6,2025-04-27,2,3,Línea 3
1525,5,165,6,2025-04-27,2,2,Línea 2
1526,6,138,4,2025-04-27,1,3,Línea 2
1527,7,101,2,2025-04-27,3,2,Línea 1
1528,8,179,14,2025-04-27,1,3,Línea 3
1529,9,66,1,2025-04-27,2,4,Línea 2
1530,10,116,2,2025-04-27,1,3,Línea 1
1531,1,77,5,2025-04-28,2,3,Línea 3
1532,2,150,7,2025-04-28,3,3,Línea 3
1533,3,95,6,2025-04-28,3,2,Línea 2
1534,4,137,5,2025-04-28,2,3,Línea 3
1535,5,167,14,2025-04-28,2,2,Línea 2
1536,6,157,2,2025-04-28,2,3,Línea 1
1537,7,69,1,2025-04-28,2,4,Línea 3
1538,8,163,13,2025-04-28,3,4,Línea 3
1539,9,72,4,2025-04-28,3,2,Línea 1
1540,10,144,8,2025-04-28,1,2,Línea 1
1541,1,116,4,2025-04-29,1,4,Línea 2
1542,2,88,1,2025-04-29,3,3,Línea 2
1543,3,69,4,2025-04-29,2,1,Línea 1
1544,4,53,3,2025-04-29,3,4,Línea 3
1545,5,163,0,2025-04-29,2,3,Línea 1
1546,6,167,3,2025-04-29,2,3,Línea 3
1547,7,177,2,2025-04-29,3,2,Línea 3
1548,8,185,7,2025-04-29,2,1,Línea 2
1549,9,62,6,2025-04-29,1,1,Línea 3
1550,10,181,6,2025-04-29,3,1,Línea 2
1551,1,93,5,2025-04-30,2,3,Línea 3
1552,2,107,3,2025-04-30,1,1,Línea 3
1553,3,59,0,2025-04-30,3,2,Línea 2
1554,4,93,6,2025-04-30,3,2,Línea 3
1555,5,128,6,2025-04-30,2,1,Línea 3
1556,6,91,8,2025-04-30,2,4,Línea 2
1557,7,69,5,2025-04-30,1,2,Línea 1
1558,8,136,4,2025-04-30,2,1,Línea 2
1559,9,106,10,2025-04-30,1,2,Línea 1
1560,10,184,4,2025-04-30,3,3,Línea 2
1561,1,185,8,2025-05-01,3,2,Línea 2
1562,2,147,2,2025-05-01,1,3,Línea 2
1563,3,192,5,2025-05-01,1,2,Línea 2
1564,4,137,10,2025-05-01,2,3,Línea 2
1565,5,179,15,2025-05-01,2,1,Línea 2
1566,6,183,8,2025-05-01,3,1,Línea 2
1567,7,188,13,2025-05-01,1,1,Línea 3
1568,8,106,10,2025-05-01,2,4,Línea 3
1569,9,88,4,2025-05-01,2,1,Línea 1
1570,10,76,0,2025-05-01,3,2,Línea 3
1571,1,130,4,2025-05-02,3,4,Línea 1
1572,2,85,4,2025-05-02,3,1,Línea 3
1573,3,148,12,2025-05-02,3,1,Línea 1
1574,4,171,0,2025-05-02,3,3,Línea 3
1575,5,119,5,2025-05-02,3,3,Línea 2
1576,6,108,8,2025-05-02,1,3,Línea 1
1577,7,141,10,2025-05-02,2,3,Línea 2
1578,8,137,0,2025-05-02,1,1,Línea 3
1579,9,119,9,2025-05-02,1,4,Línea 1
1580,10,188,12,2025-05-02,3,3,Línea 3
1581,1,125,2,2025-05-03,2,2,Línea 1
1582,2,169,16,2025-05-03,2,4,Línea 3
1583,3,106,1,2025-05-03,1,2,Línea 3
1584,4,59,2,2025-05-03,1,3,Línea 2
1585,5,146,0,2025-05-03,2,4,Línea 3
1586,6,103,10,2025-05-03,1,4,Línea 3
1587,7,141,4,2025-05-03,2,2,Línea 1
1588,8,130,10,2025-05-03,1,2,Línea 1
1589,9,174,15,2025-05-03,1,3,Línea 1
1590,10,144,14,2025-05-03,1,4,Línea 3
1591,1,70,1,2025-05-04,2,3,Línea 2
1592,2,181,10,2025-05-04,1,4,Línea 3
1593,3,112,10,2025-05-04,3,2,Línea 2
1594,4,100,7,2025-05-04,3,4,Línea 2
1595,5,108,1,2025-05-04,2,2,Línea 3
1596,6,192,11,2025-05-04,3,1,Línea 2
1597,7,63,0,2025-05-04,3,4,Línea 3
1598,8,65,6,2025-05-04,2,2,Línea 2
1599,9,193,1,2025-05-04,2,3,Línea 1
1600,10,117,10,2025-05-04,3,2,Línea 1
1601,1,174,10,2025-05-05,3,4,Línea 3
1602,2,130,1,2025-05-05,2,4,Línea 2
1603,3,77,7,2025-05-05,3,4,Línea 3
1604,4,199,1,2025-05-05,3,2,Línea 1
1605,5,174,13,2025-05-05,1,4,Línea 1
1606,6,180,4,2025-05-05,1,2,Línea 3
1607,7,155,5,2025-05-05,2,4,Línea 2
1608,8,193,7,2025-05-05,2,1,Línea 3
1609,9,97,1,2025-05-05,2,3,Línea 1
1610,10,68,6,2025-05-05,2,3,Línea 1
1611,1,145,10,2025-05-06,2,4,Línea 2
1612,2,112,9,2025-05-06,1,4,Línea 3
1613,3,142,4,2025-05-06,2,2,Línea 2
1614,4,74,3,2025-05-06,2,4,Línea 2
1615,5,186,11,2025-05-06,1,1,Línea 3
1616,6,104,0,2025-05-06,1,4,Línea 1
1617,7,62,1,2025-05-06,3,3,Línea 2
1618,8,99,1,2025-05-06,3,3,Línea 1
1619,9,96,5,2025-05-06,3,1,Línea 3
1620,10,61,4,2025-05-06,1,3,Línea 1
1621,1,92,9,2025-05-07,3,3,Línea 1
1622,2,72,7,2025-05-07,1,2,Línea 3
1623,3,158,2,2025-05-07,1,3,Línea 2
1624,4,66,5,2025-05-07,3,1,Línea 2
1625,5,126,1,2025-05-07,2,1,Línea 1
1626,6,68,1,2025-05-07,3,4,Línea 3
1627,7,187,1,2025-05-07,3,3,Línea 3
1628,8,175,9,2025-05-07,2,4,Línea 1
1629,9,156,2,2025-05-07,3,1,Línea 3
1630,10,156,1,2025-05-07,2,2,Línea 2
1631,1,80,8,2025-05-08,2,3,Línea 1
1632,2,109,3,2025-05-08,1,4,Línea 2
1633,3,107,6,2025-05-08,2,4,Línea 3
1634,4,104,1,2025-05-08,1,2,Línea 2
1635,5,124,0,2025-05-08,1,4,Línea 2
1636,6,109,8,2025-05-08,1,4,Línea 1
1637,7,52,2,2025-05-08,2,2,Línea 3
1638,8,165,5,2025-05-08,1,1,Línea 1
1639,9,154,0,2025-05-08,3,1,Línea 2
1640,10,161,11,2025-05-08,3,2,Línea 1
1641,1,193,11,2025-05-09,2,2,Línea 1
1642,2,97,7,2025-05-09,2,4,Línea 3
1643,3,181,14,2025-05-09,2,3,Línea 3
1644,4,181,8,2025-05-09,1,3,Línea 3
1645,5,77,4,2025-05-09,3,4,Línea 1
1646,6,179,2,2025-05-09,2,1,Línea 1
1647,7,77,6,2025-05-09,2,2,Línea 3
1648,8,190,15,2025-05-09,2,4,Línea 2
1649,9,130,2,2025-05-09,1,1,Línea 2
1650,10,97,0,2025-05-09,1,2,Línea 1
1651,1,63,6,2025-05-10,1,3,Línea 1
1652,2,194,9,2025-05-10,2,3,Línea 1
1653,3,151,4,2025-05-10,2,2,Línea 2
1654,4,112,0,2025-05-10,3,2,Línea 3
1655,5,104,6,2025-05-10,1,3,Línea 3
1656,6,152,15,2025-05-10,3,3,Línea 3
1657,7,133,11,2025-05-10,1,2,Línea 3
1658,8,193,0,2025-05-10,3,3,Línea 3
1659,9,133,12,2025-05-10,3,1,Línea 3
1660,10,161,4,2025-05-10,2,3,Línea 2
1661,1,75,6,2025-05-11,2,1,Línea 3
1662,2,125,9,2025-05-11,3,2,Línea 1
1663,3,197,10,2025-05-11,3,2,Línea 1
1664,4,136,5,2025-05-11,1,4,Línea 1
1665,5,188,14,2025-05-11,1,2,Línea 2
1666,6,138,0,2025-05-11,2,1,Línea 1
1667,7,176,6,2025-05-11,1,4,Línea 3
1668,8,145,9,2025-05-11,3,2,Línea 2
1669,9,177,6,2025-05-11,1,4,Línea 3
1670,10,84,6,2025-05-11,3,2,Línea 1
1671,1,187,17,2025-05-12,3,2,Línea 3
1672,2,108,3,2025-05-12,3,2,Línea 2
1673,3,194,8,2025-05-12,2,3,Línea 3
1674,4,147,7,2025-05-12,1,2,Línea 2
1675,5,179,1,2025-05-12,3,1,Línea 3
1676,6,199,3,2025-05-12,2,2,Línea 3
1677,7,164,15,2025-05-12,3,4,Línea 2
1678,8,110,4,2025-05-12,3,3,Línea 2
1679,9,120,3,2025-05-12,1,2,Línea 3
1680,10,64,0,2025-05-12,2,4,Línea 3
1681,1,88,5,2025-05-13,2,3,Línea 3
1682,2,182,3,2025-05-13,3,3,Línea 3
1683,3,123,6,2025-05-13,2,4,Línea 2
1684,4,81,2,2025-05-13,3,1,Línea 3
1685,5,119,1,2025-05-13,1,3,Línea 3
1686,6,126,6,2025-05-13,2,3,Línea 3
1687,7,127,9,2025-05-13,2,2,Línea 1
1688,8,129,4,2025-05-13,2,2,Línea 2
1689,9,184,12,2025-05-13,2,3,Línea 1
1690,10,94,6,2025-05-13,1,3,Línea 2
1691,1,70,0,2025-05-14,2,3,Línea 2
1692,2,192,10,2025-05-14,2,2,Línea 1
1693,3,111,6,2025-05-14,3,4,Línea 3
1694,4,123,4,2025-05-14,2,1,Línea 2
1695,5,101,10,2025-05-14,1,2,Línea 3
1696,6,184,3,2025-05-14,3,4,Línea 2
1697,7,123,5,2025-05-14,3,4,Línea 3
1698,8,66,4,2025-05-14,2,4,Línea 2
1699,9,146,7,2025-05-14,2,1,Línea 1
1700,10,54,4,2025-05-14,3,2,Línea 2
1701,1,184,11,2025-05-15,2,1,Línea 3
1702,2,126,0,2025-05-15,2,2,Línea 2
1703,3,76,7,2025-05-15,2,3,Línea 1
1704,4,171,8,2025-05-15,2,1,Línea 3
1705,5,199,14,2025-05-15,1,2,Línea 3
1706,6,158,0,2025-05-15,1,2,Línea 2
1707,7,157,1,2025-05-15,1,4,Línea 2
1708,8,95,8,2025-05-15,1,2,Línea 1
1709,9,190,9,2025-05-15,3,2,Línea 1
1710,10,169,11,2025-05-15,1,2,Línea 1
1711,1,97,9,2025-05-16,3,1,Línea 3
1712,2,60,0,2025-05-16,1,4,Línea 2
1713,3,103,3,2025-05-16,1,2,Línea 3
1714,4,133,6,2025-05-16,1,2,Línea 1
1715,5,142,3,2025-05-16,1,4,Línea 1
1716,6,86,0,2025-05-16,2,1,Línea 2
1717,7,110,9,2025-05-16,1,4,Línea 2
1718,8,133,12,2025-05-16,1,4,Línea 2
1719,9,162,4,2025-05-16,1,1,Línea 3
1720,10,86,2,2025-05-16,3,1,Línea 2
1721,1,170,7,2025-05-17,2,1,Línea 1
1722,2,91,1,2025-05-17,1,1,Línea 1
1723,3,141,10,2025-05-17,3,4,Línea 2
1724,4,193,1,2025-05-17,2,2,Línea 2
1725,5,100,7,2025-05-17,3,2,Línea 3
1726,6,122,2,2025-05-17,1,2,Línea 2
1727,7,112,9,2025-05-17,3,3,Línea 3
1728,8,116,7,2025-05-17,1,1,Línea 2
1729,9,178,5,2025-05-17,2,3,Línea 3
1730,10,124,10,2025-05-17,3,4,Línea 3
1731,1,137,13,2025-05-18,2,3,Línea 1
1732,2,161,14,2025-05-18,1,1,Línea 2
1733,3,199,8,2025-05-18,2,1,Línea 1
1734,4,86,5,2025-05-18,3,2,Línea 3
1735,5,87,7,2025-05-18,2,4,Línea 3
1736,6,180,16,2025-05-18,1,2,Línea 2
1737,7,151,13,2025-05-18,2,3,Línea 3
1738,8,69,6,2025-05-18,3,2,Línea 3
1739,9,140,7,2025-05-18,1,2,Línea 3
1740,10,128,11,2025-05-18,3,2,Línea 3
1741,1,66,1,2025-05-19,1,4,Línea 2
1742,2,196,17,2025-05-19,2,2,Línea 1
1743,3,137,9,2025-05-19,3,2,Línea 2
1744,4,145,2,2025-05-19,3,1,Línea 3
1745,5,120,10,2025-05-19,2,1,Línea 3
1746,6,183,5,2025-05-19,1,4,Línea 1
1747,7,51,2,2025-05-19,3,1,Línea 3
1748,8,170,5,2025-05-19,2,3,Línea 2
1749,9,119,3,2025-05-19,3,2,Línea 3
1750,10,183,2,2025-05-19,3,4,Línea 1
1751,1,164,16,2025-05-20,3,4,Línea 3
1752,2,118,9,2025-05-20,3,1,Línea 2
1753,3,127,9,2025-05-20,2,1,Línea 3
1754,4,163,12,2025-05-20,2,1,Línea 1
1755,5,135,6,2025-05-20,1,2,Línea 1
1756,6,70,0,2025-05-20,2,1,Línea 1
1757,7,56,2,2025-05-20,3,3,Línea 2
1758,8,80,3,2025-05-20,2,2,Línea 3
1759,9,157,6,2025-05-20,1,2,Línea 3
1760,10,79,1,2025-05-20,2,1,Línea 3
1761,1,155,6,2025-05-21,2,3,Línea 3
1762,2,128,1,2025-05-21,1,3,Línea 1
1763,3,156,0,2025-05-21,3,1,Línea 3
1764,4,65,2,2025-05-21,1,3,Línea 2
1765,5,85,1,2025-05-21,2,2,Línea 1
1766,6,143,12,2025-05-21,2,1,Línea 2
1767,7,79,6,2025-05-21,2,3,Línea 2
1768,8,143,2,2025-05-21,3,1,Línea 3
1769,9,138,1,2025-05-21,3,3,Línea 2
1770,10,63,6,2025-05-21,2,2,Línea 3
1771,1,180,8,2025-05-22,2,4,Línea 3
1772,2,114,3,2025-05-22,2,3,Línea 2
1773,3,110,2,2025-05-22,3,3,Línea 1
1774,4,71,3,2025-05-22,3,4,Línea 3
1775,5,101,0,2025-05-22,2,2,Línea 3
1776,6,95,6,2025-05-22,1,1,Línea 2
1777,7,58,0,2025-05-22,2,4,Línea 1
1778,8,125,6,2025-05-22,2,4,Línea 2
1779,9,159,10,2025-05-22,3,3,Línea 2
1780,10,121,1,2025-05-22,2,2,Línea 2
1781,1,195,17,2025-05-23,1,4,Línea 3
1782,2,133,6,2025-05-23,2,1,Línea 2
1783,3,162,12,2025-05-23,1,4,Línea 3
1784,4,139,11,2025-05-23,2,1,Línea 2
1785,5,156,2,2025-05-23,2,4,Línea 2
1786,6,87,0,2025-05-23,2,4,Línea 1
1787,7,56,5,2025-05-23,3,2,Línea 1
1788,8,111,6,2025-05-23,1,2,Línea 3
1789,9,164,2,2025-05-23,1,2,Línea 1
1790,10,108,10,2025-05-23,3,1,Línea 3
1791,1,147,7,2025-05-24,2,4,Línea 3
1792,2,183,0,2025-05-24,1,4,Línea 3
1793,3,163,9,2025-05-24,3,4,Línea 1
1794,4,193,11,2025-05-24,3,2,Línea 2
1795,5,178,9,2025-05-24,1,3,Línea 2
1796,6,170,2,2025-05-24,2,1,Línea 3
1797,7,99,4,2025-05-24,2,1,Línea 1
1798,8,167,14,2025-05-24,2,2,Línea 3
1799,9,86,3,2025-05-24,3,1,Línea 1
1800,10,183,4,2025-05-24,3,1,Línea 1
1801,1,55,1,2025-05-25,1,1,Línea 2
1802,2,198,9,2025-05-25,1,3,Línea 3
1803,3,109,1,2025-05-25,1,1,Línea 2
1804,4,86,0,2025-05-25,2,1,Línea 3
1805,5,181,6,2025-05-25,2,2,Línea 2
1806,6,83,0,2025-05-25,1,2,Línea 1
1807,7,199,17,2025-05-25,3,2,Línea 2
1808,8,91,1,2025-05-25,3,1,Línea 1
1809,9,69,3,2025-05-25,2,3,Línea 1
1810,10,58,2,2025-05-25,2,2,Línea 1
1811,1,109,2,2025-05-26,1,4,Línea 2
1812,2,179,16,2025-05-26,3,4,Línea 2
1813,3,175,17,2025-05-26,3,2,Línea 3
1814,4,137,9,2025-05-26,3,1,Línea 1
1815,5,180,11,2025-05-26,2,4,Línea 1
1816,6,188,9,2025-05-26,3,3,Línea 3
1817,7,157,5,2025-05-26,3,4,Línea 1
1818,8,169,13,2025-05-26,2,2,Línea 2
1819,9,189,18,2025-05-26,1,2,Línea 3
1820,10,87,1,2025-05-26,1,1,Línea 1
1821,1,147,2,2025-05-27,3,3,Línea 2
1822,2,194,13,2025-05-27,3,3,Línea 2
1823,3,185,18,2025-05-27,2,3,Línea 1
1824,4,169,11,2025-05-27,1,3,Línea 2
1825,5,193,15,2025-05-27,3,2,Línea 3
1826,6,82,7,2025-05-27,1,3,Línea 1
1827,7,133,0,2025-05-27,3,4,Línea 2
1828,8,168,7,2025-05-27,2,1,Línea 1
1829,9,145,4,2025-05-27,1,2,Línea 2
1830,10,109,2,2025-05-27,1,1,Línea 1
1831,1,56,2,2025-05-28,1,2,Línea 3
1832,2,68,5,2025-05-28,3,2,Línea 1
1833,3,105,9,2025-05-28,2,4,Línea 1
1834,4,84,7,2025-05-28,3,2,Línea 1
1835,5,101,4,2025-05-28,2,3,Línea 3
1836,6,192,19,2025-05-28,2,2,Línea 2
1837,7,82,8,2025-05-28,3,2,Línea 2
1838,8,82,8,2025-05-28,1,4,Línea 2
1839,9,101,1,2025-05-28,3,4,Línea 2
1840,10,52,5,2025-05-28,3,3,Línea 1
1841,1,72,2,2025-05-29,3,2,Línea 1
1842,2,66,1,2025-05-29,2,2,Línea 2
1843,3,184,6,2025-05-29,2,2,Línea 3
1844,4,93,7,2025-05-29,1,2,Línea 2
1845,5,78,7,2025-05-29,1,1,Línea 2
1846,6,166,4,2025-05-29,3,1,Línea 3
1847,7,98,8,2025-05-29,2,2,Línea 2
1848,8,131,13,2025-05-29,2,3,Línea 3
1849,9,109,9,2025-05-29,3,1,Línea 3
1850,10,147,10,2025-05-29,1,3,Línea 2
1851,1,181,8,2025-05-30,3,4,Línea 1
1852,2,130,0,2025-05-30,2,4,Línea 1
1853,3,82,2,2025-05-30,1,3,Línea 1
1854,4,109,5,2025-05-30,3,4,Línea 1
1855,5,75,3,2025-05-30,1,1,Línea 1
1856,6,146,10,2025-05-30,1,1,Línea 3
1857,7,67,6,2025-05-30,2,2,Línea 3
1858,8,91,4,2025-05-30,3,2,Línea 1
1859,9,105,5,2025-05-30,3,4,Línea 1
1860,10,106,9,2025-05-30,1,2,Línea 3
1861,1,117,3,2025-05-31,3,4,Línea 1
1862,2,52,0,2025-05-31,2,4,Línea 3
1863,3,73,3,2025-05-31,1,1,Línea 1
1864,4,165,2,2025-05-31,2,4,Línea 2
1865,5,59,1,2025-05-31,2,4,Línea 1
1866,6,128,7,2025-05-31,2,3,Línea 2
1867,7,193,14,2025-05-31,2,1,Línea 1
1868,8,167,6,2025-05-31,3,3,Línea 1
1869,9,161,12,2025-05-31,1,1,Línea 1
1870,10,122,4,2025-05-31,3,1,Línea 2
1871,1,117,4,2025-06-01,2,4,Línea 2
1872,2,74,7,2025-06-01,1,1,Línea 2
1873,3,107,8,2025-06-01,1,1,Línea 1
1874,4,112,11,2025-06-01,3,1,Línea 3
1875,5,76,0,2025-06-01,3,1,Línea 1
1876,6,94,9,2025-06-01,1,3,Línea 3
1877,7,199,5,2025-06-01,2,3,Línea 2
1878,8,69,1,2025-06-01,1,2,Línea 2
1879,9,55,2,2025-06-01,1,4,Línea 2
1880,10,104,3,2025-06-01,2,1,Línea 3
1881,1,119,8,2025-06-02,1,1,Línea 3
1882,2,193,17,2025-06-02,3,4,Línea 2
1883,3,187,11,2025-06-02,2,2,Línea 3
1884,4,87,4,2025-06-02,3,3,Línea 2
1885,5,94,4,2025-06-02,2,2,Línea 1
1886,6,132,11,2025-06-02,3,4,Línea 2
1887,7,56,2,2025-06-02,1,3,Línea 1
1888,8,177,5,2025-06-02,2,1,Línea 1
1889,9,145,9,2025-06-02,1,2,Línea 2
1890,10,53,3,2025-06-02,2,2,Línea 2
1891,1,84,2,2025-06-03,2,3,Línea 1
1892,2,114,1,2025-06-03,3,1,Línea 1
1893,3,66,0,2025-06-03,3,1,Línea 1
1894,4,197,9,2025-06-03,1,1,Línea 3
1895,5,114,3,2025-06-03,1,2,Línea 3
1896,6,180,1,2025-06-03,2,3,Línea 1
1897,7,52,1,2025-06-03,1,3,Línea 1
1898,8,118,1,2025-06-03,3,2,Línea 3
1899,9,133,3,2025-06-03,3,1,Línea 1
1900,10,190,15,2025-06-03,1,2,Línea 1
1901,1,151,10,2025-06-04,1,1,Línea 3
1902,2,61,1,2025-06-04,1,4,Línea 2
1903,3,183,6,2025-06-04,1,3,Línea 3
1904,4,52,5,2025-06-04,1,1,Línea 1
1905,5,184,14,2025-06-04,1,3,Línea 2
1906,6,171,13,2025-06-04,3,1,Línea 1
1907,7,60,1,2025-06-04,2,4,Línea 1
1908,8,109,9,2025-06-04,2,3,Línea 1
1909,9,112,6,2025-06-04,1,4,Línea 2
1910,10,169,0,2025-06-04,1,3,Línea 1
1911,1,178,14,2025-06-05,1,3,Línea 2
1912,2,192,8,2025-06-05,2,1,Línea 3
1913,3,173,7,2025-06-05,2,4,Línea 2
1914,4,146,11,2025-06-05,2,2,Línea 2
1915,5,130,8,2025-06-05,2,3,Línea 2
1916,6,194,7,2025-06-05,1,1,Línea 2
1917,7,184,16,2025-06-05,3,1,Línea 3
1918,8,199,12,2025-06-05,1,3,Línea 2
1919,9,62,2,2025-06-05,2,4,Línea 3
1920,10,153,5,2025-06-05,2,3,Línea 3
1921,1,76,4,2025-06-06,1,1,Línea 1
1922,2,110,2,2025-06-06,2,3,Línea 1
1923,3,194,5,2025-06-06,1,3,Línea 2
1924,4,62,0,2025-06-06,3,1,Línea 1
1925,5,171,2,2025-06-06,2,3,Línea 1
1926,6,125,7,2025-06-06,3,3,Línea 1
1927,7,142,13,2025-06-06,2,3,Línea 2
1928,8,198,3,2025-06-06,2,4,Línea 2
1929,9,196,2,2025-06-06,1,1,Línea 3
1930,10,97,9,2025-06-06,3,3,Línea 2
1931,1,51,5,2025-06-07,3,2,Línea 2
1932,2,155,0,2025-06-07,2,4,Línea 2
1933,3,82,5,2025-06-07,2,4,Línea 1
1934,4,137,13,2025-06-07,1,3,Línea 1
1935,5,160,12,2025-06-07,1,1,Línea 2
1936,6,62,3,2025-06-07,2,3,Línea 3
1937,7,162,0,2025-06-07,3,2,Línea 1
1938,8,152,1,2025-06-07,1,4,Línea 3
1939,9,140,11,2025-06-07,1,2,Línea 2
1940,10,145,10,2025-06-07,2,4,Línea 3
1941,1,106,5,2025-06-08,1,3,Línea 1
1942,2,125,1,2025-06-08,1,2,Línea 2
1943,3,179,1,2025-06-08,3,1,Línea 3
1944,4,53,0,2025-06-08,1,4,Línea 1
1945,5,135,6,2025-06-08,2,1,Línea 2
1946,6,138,13,2025-06-08,2,4,Línea 2
1947,7,96,6,2025-06-08,2,3,Línea 3
1948,8,132,2,2025-06-08,2,4,Línea 1
1949,9,110,4,2025-06-08,3,2,Línea 1
1950,10,125,12,2025-06-08,3,1,Línea 2
1951,1,187,5,2025-06-09,2,3,Línea 3
1952,2,111,9,2025-06-09,1,1,Línea 1
1953,3,121,7,2025-06-09,2,3,Línea 3
1954,4,162,10,2025-06-09,2,4,Línea 2
1955,5,188,9,2025-06-09,3,2,Línea 1
1956,6,108,7,2025-06-09,3,3,Línea 2
1957,7,96,1,2025-06-09,3,2,Línea 1
1958,8,91,3,2025-06-09,3,2,Línea 3
1959,9,143,7,2025-06-09,3,2,Línea 2
1960,10,198,12,2025-06-09,2,1,Línea 2
1961,1,171,0,2025-06-10,2,1,Línea 1
1962,2,135,6,2025-06-10,1,1,Línea 3
1963,3,198,5,2025-06-10,1,2,Línea 3
1964,4,165,10,2025-06-10,3,1,Línea 3
1965,5,74,0,2025-06-10,3,3,Línea 1
1966,6,80,0,2025-06-10,3,2,Línea 3
1967,7,96,0,2025-06-10,1,2,Línea 2
1968,8,185,9,2025-06-10,1,2,Línea 2
1969,9,68,5,2025-06-10,3,1,Línea 1
1970,10,73,6,2025-06-10,2,1,Línea 3
1971,1,194,9,2025-06-11,1,3,Línea 2
1972,2,196,6,2025-06-11,2,1,Línea 3
1973,3,194,12,2025-06-11,3,1,Línea 2
1974,4,158,0,2025-06-11,2,4,Línea 1
1975,5,162,1,2025-06-11,3,3,Línea 2
1976,6,174,14,2025-06-11,3,4,Línea 1
1977,7,162,3,2025-06-11,2,3,Línea 1
1978,8,139,11,2025-06-11,3,4,Línea 1
1979,9,100,2,2025-06-11,3,2,Línea 1
1980,10,152,2,2025-06-11,1,4,Línea 3
1981,1,152,15,2025-06-12,1,1,Línea 3
1982,2,99,7,2025-06-12,2,4,Línea 3
1983,3,88,8,2025-06-12,3,3,Línea 2
1984,4,81,4,2025-06-12,1,3,Línea 3
1985,5,160,15,2025-06-12,3,3,Línea 3
1986,6,147,3,2025-06-12,1,3,Línea 3
1987,7,74,4,2025-06-12,1,3,Línea 2
1988,8,61,4,2025-06-12,3,1,Línea 3
1989,9,170,0,2025-06-12,2,1,Línea 1
1990,10,90,9,2025-06-12,3,2,Línea 2
1991,1,124,2,2025-06-13,1,1,Línea 2
1992,2,162,4,2025-06-13,2,3,Línea 1
1993,3,60,3,2025-06-13,1,3,Línea 2
1994,4,132,9,2025-06-13,1,1,Línea 3
1995,5,104,2,2025-06-13,3,1,Línea 2
1996,6,60,2,2025-06-13,2,4,Línea 1
1997,7,179,10,2025-06-13,2,4,Línea 2
1998,8,152,3,2025-06-13,1,2,Línea 2
1999,9,114,7,2025-06-13,2,2,Línea 3
2000,10,177,4,2025-06-13,2,2,Línea 3
2001,1,167,3,2025-06-14,3,4,Línea 2
2002,2,198,9,2025-06-14,2,4,Línea 3
2003,3,153,14,2025-06-14,1,2,Línea 3
2004,4,142,7,2025-06-14,1,3,Línea 2
2005,5,124,3,2025-06-14,1,2,Línea 3
2006,6,89,7,2025-06-14,1,4,Línea 2
2007,7,97,3,2025-06-14,1,1,Línea 1
2008,8,71,6,2025-06-14,3,2,Línea 1
2009,9,68,1,2025-06-14,1,3,Línea 1
2010,10,76,4,2025-06-14,1,1,Línea 2
2011,1,166,8,2025-06-15,2,4,Línea 3
2012,2,116,7,2025-06-15,3,1,Línea 3
2013,3,62,4,2025-06-15,1,4,Línea 1
2014,4,105,3,2025-06-15,3,1,Línea 1
2015,5,102,4,2025-06-15,1,3,Línea 1
2016,6,78,2,2025-06-15,3,2,Línea 3
2017,7,85,1,2025-06-15,1,2,Línea 1
2018,8,68,6,2025-06-15,2,1,Línea 1
2019,9,108,1,2025-06-15,3,2,Línea 2
2020,10,67,1,2025-06-15,3,2,Línea 3
2021,1,55,0,2025-06-16,2,4,Línea 2
2022,2,67,6,2025-06-16,2,3,Línea 1
2023,3,56,1,2025-06-16,1,4,Línea 1
2024,4,67,1,2025-06-16,1,3,Línea 3
2025,5,159,0,2025-06-16,3,1,Línea 3
2026,6,90,1,2025-06-16,2,2,Línea 3
2027,7,185,5,2025-06-16,1,1,Línea 1
2028,8,78,0,2025-06-16,2,2,Línea 3
2029,9,193,12,2025-06-16,1,3,Línea 2
2030,10,102,7,2025-06-16,1,4,Línea 1
2031,1,62,3,2025-06-17,2,2,Línea 1
2032,2,94,6,2025-06-17,1,2,Línea 2
2033,3,117,0,2025-06-17,3,4,Línea 1
2034,4,84,7,2025-06-17,1,1,Línea 3
2035,5,85,5,2025-06-17,2,2,Línea 2
2036,6,122,6,2025-06-17,2,3,Línea 2
2037,7,67,3,2025-06-17,2,3,Línea 3
2038,8,50,2,2025-06-17,1,1,Línea 1
2039,9,189,6,2025-06-17,1,3,Línea 3
2040,10,146,14,2025-06-17,3,2,Línea 1
2041,1,138,6,2025-06-18,1,3,Línea 2
2042,2,196,3,2025-06-18,3,2,Línea 2
2043,3,150,10,2025-06-18,1,1,Línea 3
2044,4,142,8,2025-06-18,1,4,Línea 3
2045,5,133,0,2025-06-18,1,4,Línea 1
2046,6,99,3,2025-06-18,2,2,Línea 2
2047,7,121,8,2025-06-18,3,1,Línea 3
2048,8,170,5,2025-06-18,2,3,Línea 1
2049,9,151,10,2025-06-18,1,3,Línea 1
2050,10,157,4,2025-06-18,1,4,Línea 3
2051,1,76,4,2025-06-19,2,1,Línea 3
2052,2,106,6,2025-06-19,1,1,Línea 2
2053,3,53,2,2025-06-19,1,4,Línea 1
2054,4,189,12,2025-06-19,2,4,Línea 3
2055,5,142,8,2025-06-19,3,3,Línea 1
2056,6,51,0,2025-06-19,2,3,Línea 2
2057,7,57,3,2025-06-19,3,3,Línea 2
2058,8,108,8,2025-06-19,3,1,Línea 3
2059,9,172,1,2025-06-19,3,3,Línea 2
2060,10,71,4,2025-06-19,2,4,Línea 1
2061,1,139,6,2025-06-20,1,1,Línea 1
2062,2,144,12,2025-06-20,1,2,Línea 1
2063,3,188,7,2025-06-20,2,3,Línea 2
2064,4,185,1,2025-06-20,1,3,Línea 1
2065,5,119,4,2025-06-20,2,2,Línea 3
2066,6,65,2,2025-06-20,1,3,Línea 3
2067,7,159,1,2025-06-20,3,2,Línea 2
2068,8,197,0,2025-06-20,2,1,Línea 2
2069,9,115,5,2025-06-20,1,3,Línea 1
2070,10,84,5,2025-06-20,3,4,Línea 2
2071,1,66,4,2025-06-21,1,1,Línea 3
2072,2,79,1,2025-06-21,3,1,Línea 3
2073,3,140,7,2025-06-21,3,1,Línea 2
2074,4,199,19,2025-06-21,3,3,Línea 2
2075,5,158,14,2025-06-21,1,2,Línea 2
2076,6,75,4,2025-06-21,2,4,Línea 3
2077,7,147,6,2025-06-21,2,1,Línea 3
2078,8,102,1,2025-06-21,1,4,Línea 2
2079,9,125,10,2025-06-21,2,1,Línea 2
2080,10,150,13,2025-06-21,1,1,Línea 1
2081,1,108,5,2025-06-22,2,4,Línea 1
2082,2,106,4,2025-06-22,3,1,Línea 2
2083,3,194,16,2025-06-22,3,3,Línea 3
2084,4,88,1,2025-06-22,3,2,Línea 2
2085,5,94,7,2025-06-22,3,1,Línea 3
2086,6,58,2,2025-06-22,1,1,Línea 2
2087,7,94,8,2025-06-22,3,4,Línea 2
2088,8,148,0,2025-06-22,3,4,Línea 2
2089,9,132,12,2025-06-22,3,1,Línea 2
2090,10,119,2,2025-06-22,2,4,Línea 3
2091,1,62,6,2025-06-23,1,2,Línea 1
2092,2,178,7,2025-06-23,1,3,Línea 1
2093,3,186,12,2025-06-23,1,1,Línea 1
2094,4,191,10,2025-06-23,1,3,Línea 2
2095,5,127,8,2025-06-23,3,4,Línea 1
2096,6,149,9,2025-06-23,2,3,Línea 1
2097,7,180,14,2025-06-23,2,3,Línea 2
2098,8,178,14,2025-06-23,3,1,Línea 3
2099,9,61,3,2025-06-23,1,2,Línea 2
2100,10,155,9,2025-06-23,1,2,Línea 2
2101,1,149,12,2025-06-24,3,1,Línea 3
2102,2,108,5,2025-06-24,2,1,Línea 1
2103,3,198,15,2025-06-24,2,3,Línea 1
2104,4,165,9,2025-06-24,2,2,Línea 2
2105,5,141,2,2025-06-24,3,4,Línea 1
2106,6,93,2,2025-06-24,3,1,Línea 3
2107,7,197,15,2025-06-24,3,4,Línea 2
2108,8,117,10,2025-06-24,1,4,Línea 1
2109,9,178,0,2025-06-24,2,1,Línea 2
2110,10,189,5,2025-06-24,2,1,Línea 1
2111,1,158,7,2025-06-25,3,4,Línea 3
2112,2,196,19,2025-06-25,1,1,Línea 1
2113,3,109,1,2025-06-25,3,3,Línea 1
2114,4,163,14,2025-06-25,3,4,Línea 3
2115,5,106,0,2025-06-25,2,3,Línea 2
2116,6,120,8,2025-06-25,2,2,Línea 1
2117,7,165,10,2025-06-25,3,3,Línea 3
2118,8,94,4,2025-06-25,1,2,Línea 2
2119,9,119,11,2025-06-25,1,3,Línea 2
2120,10,70,3,2025-06-25,3,3,Línea 3
2121,1,99,9,2025-06-26,2,4,Línea 1
2122,2,132,4,2025-06-26,3,1,Línea 2
2123,3,58,3,2025-06-26,1,1,Línea 2
2124,4,122,8,2025-06-26,2,4,Línea 3
2125,5,190,5,2025-06-26,1,4,Línea 2
2126,6,56,0,2025-06-26,2,3,Línea 3
2127,7,101,0,2025-06-26,3,3,Línea 3
2128,8,94,9,2025-06-26,1,4,Línea 3
2129,9,191,1,2025-06-26,1,2,Línea 1
2130,10,94,7,2025-06-26,2,4,Línea 1
2131,1,94,1,2025-06-27,1,4,Línea 3
2132,2,111,5,2025-06-27,2,3,Línea 1
2133,3,63,3,2025-06-27,2,4,Línea 3
2134,4,120,2,2025-06-27,1,4,Línea 1
2135,5,152,3,2025-06-27,1,3,Línea 1
2136,6,98,3,2025-06-27,2,2,Línea 1
2137,7,170,12,2025-06-27,1,1,Línea 1
2138,8,96,1,2025-06-27,3,4,Línea 3
2139,9,158,5,2025-06-27,1,1,Línea 2
2140,10,167,3,2025-06-27,3,4,Línea 1
2141,1,74,3,2025-06-28,3,3,Línea 3
2142,2,155,0,2025-06-28,3,2,Línea 3
2143,3,91,5,2025-06-28,1,3,Línea 3
2144,4,84,4,2025-06-28,3,2,Línea 3
2145,5,191,17,2025-06-28,3,2,Línea 1
2146,6,147,7,2025-06-28,1,2,Línea 1
2147,7,183,5,2025-06-28,2,4,Línea 1
2148,8,192,6,2025-06-28,3,1,Línea 2
2149,9,52,5,2025-06-28,2,2,Línea 3
2150,10,146,2,2025-06-28,2,2,Línea 1
2151,1,144,10,2025-06-29,1,4,Línea 3
2152,2,168,8,2025-06-29,3,3,Línea 1
2153,3,181,12,2025-06-29,2,3,Línea 3
2154,4,137,12,2025-06-29,2,4,Línea 2
2155,5,158,14,2025-06-29,2,4,Línea 1
2156,6,90,2,2025-06-29,1,1,Línea 3
2157,7,62,0,2025-06-29,2,1,Línea 3
2158,8,104,3,2025-06-29,1,4,Línea 2
2159,9,163,7,2025-06-29,3,4,Línea 3
2160,10,97,4,2025-06-29,3,4,Línea 3
2161,1,193,12,2025-06-30,3,3,Línea 3
2162,2,80,7,2025-06-30,1,1,Línea 2
2163,3,84,6,2025-06-30,1,2,Línea 3
2164,4,63,5,2025-06-30,1,3,Línea 1
2165,5,98,6,2025-06-30,3,3,Línea 3
2166,6,130,11,2025-06-30,3,3,Línea 3
2167,7,147,14,2025-06-30,3,1,Línea 2
2168,8,78,7,2025-06-30,2,1,Línea 1
2169,9,140,6,2025-06-30,2,2,Línea 2
2170,10,149,12,2025-06-30,2,3,Línea 3
2171,1,125,2,2025-07-01,1,1,Línea 3
2172,2,79,6,2025-07-01,2,3,Línea 3
2173,3,170,5,2025-07-01,3,2,Línea 2
2174,4,164,12,2025-07-01,2,3,Línea 2
2175,5,89,8,2025-07-01,2,4,Línea 3
2176,6,195,3,2025-07-01,2,1,Línea 3
2177,7,131,6,2025-07-01,3,1,Línea 3
2178,8,113,5,2025-07-01,1,1,Línea 3
2179,9,142,2,2025-07-01,3,1,Línea 2
2180,10,132,11,2025-07-01,1,1,Línea 3
2181,1,116,9,2025-07-02,2,2,Línea 1
2182,2,60,0,2025-07-02,1,4,Línea 2
2183,3,130,13,2025-07-02,3,2,Línea 3
2184,4,159,4,2025-07-02,1,2,Línea 3
2185,5,175,16,2025-07-02,3,2,Línea 3
2186,6,190,6,2025-07-02,2,3,Línea 3
2187,7,94,4,2025-07-02,1,2,Línea 3
2188,8,168,14,2025-07-02,2,1,Línea 3
2189,9,149,12,2025-07-02,3,1,Línea 3
2190,10,177,2,2025-07-02,3,1,Línea 2
2191,1,159,6,2025-07-03,1,3,Línea 1
2192,2,149,11,2025-07-03,3,4,Línea 3
2193,3,179,16,2025-07-03,1,2,Línea 2
2194,4,79,5,2025-07-03,1,1,Línea 2
2195,5,124,6,2025-07-03,1,1,Línea 1
2196,6,80,5,2025-07-03,3,1,Línea 3
2197,7,107,1,2025-07-03,3,1,Línea 1
2198,8,113,0,2025-07-03,3,4,Línea 1
2199,9,168,13,2025-07-03,2,1,Línea 3
2200,10,153,13,2025-07-03,3,1,Línea 2
2201,1,68,2,2025-07-04,2,1,Línea 2
2202,2,182,8,2025-07-04,2,2,Línea 1
2203,3,152,13,2025-07-04,3,2,Línea 2
2204,4,101,0,2025-07-04,2,4,Línea 2
2205,5,167,15,2025-07-04,2,3,Línea 1
2206,6,186,1,2025-07-04,2,4,Línea 3
2207,7,197,16,2025-07-04,1,1,Línea 3
2208,8,112,2,2025-07-04,2,1,Línea 2
2209,9,52,0,2025-07-04,2,4,Línea 1
2210,10,164,3,2025-07-04,3,1,Línea 2
2211,1,131,6,2025-07-05,3,1,Línea 3
2212,2,90,5,2025-07-05,1,4,Línea 1
2213,3,163,2,2025-07-05,1,2,Línea 1
2214,4,110,8,2025-07-05,2,1,Línea 1
2215,5,144,0,2025-07-05,3,1,Línea 3
2216,6,103,4,2025-07-05,3,2,Línea 1
2217,7,126,10,2025-07-05,3,4,Línea 1
2218,8,96,1,2025-07-05,3,1,Línea 3
2219,9,106,8,2025-07-05,3,3,Línea 3
2220,10,159,15,2025-07-05,3,4,Línea 1
2221,1,125,2,2025-07-06,2,4,Línea 2
2222,2,105,0,2025-07-06,1,2,Línea 2
2223,3,133,7,2025-07-06,2,1,Línea 2
2224,4,195,1,2025-07-06,2,4,Línea 3
2225,5,187,10,2025-07-06,2,2,Línea 3
2226,6,79,7,2025-07-06,3,2,Línea 3
2227,7,188,2,2025-07-06,1,2,Línea 2
2228,8,189,4,2025-07-06,3,4,Línea 2
2229,9,92,5,2025-07-06,1,4,Línea 3
2230,10,142,11,2025-07-06,1,2,Línea 1
2231,1,165,3,2025-07-07,2,3,Línea 1
2232,2,191,8,2025-07-07,1,2,Línea 1
2233,3,155,0,2025-07-07,1,4,Línea 1
2234,4,159,2,2025-07-07,1,1,Línea 1
2235,5,189,0,2025-07-07,1,1,Línea 2
2236,6,184,9,2025-07-07,3,4,Línea 3
2237,7,94,6,2025-07-07,1,3,Línea 1
2238,8,99,2,2025-07-07,1,4,Línea 1
2239,9,134,3,2025-07-07,3,4,Línea 3
2240,10,82,3,2025-07-07,1,4,Línea 3
2241,1,143,4,2025-07-08,3,3,Línea 2
2242,2,102,1,2025-07-08,2,1,Línea 2
2243,3,137,10,2025-07-08,1,4,Línea 3
2244,4,151,6,2025-07-08,2,3,Línea 1
2245,5,119,11,2025-07-08,3,4,Línea 1
2246,6,84,1,2025-07-08,2,2,Línea 2
2247,7,81,6,2025-07-08,3,3,Línea 2
2248,8,67,6,2025-07-08,2,4,Línea 2
2249,9,54,5,2025-07-08,2,1,Línea 2
2250,10,71,1,2025-07-08,2,3,Línea 2
2251,1,168,16,2025-07-09,1,2,Línea 3
2252,2,77,1,2025-07-09,3,4,Línea 3
2253,3,111,6,2025-07-09,2,4,Línea 3
2254,4,174,17,2025-07-09,3,1,Línea 1
2255,5,75,2,2025-07-09,1,3,Línea 3
2256,6,181,14,2025-07-09,2,2,Línea 1
2257,7,71,2,2025-07-09,2,2,Línea 1
2258,8,139,2,2025-07-09,3,2,Línea 1
2259,9,56,5,2025-07-09,3,3,Línea 3
2260,10,139,11,2025-07-09,3,3,Línea 1
2261,1,87,6,2025-07-10,3,2,Línea 1
2262,2,116,8,2025-07-10,1,1,Línea 3
2263,3,65,3,2025-07-10,2,3,Línea 1
2264,4,183,17,2025-07-10,3,4,Línea 3
2265,5,52,5,2025-07-10,2,1,Línea 2
2266,6,98,5,2025-07-10,3,1,Línea 3
2267,7,85,5,2025-07-10,2,3,Línea 2
2268,8,187,5,2025-07-10,3,1,Línea 1
2269,9,141,5,2025-07-10,2,4,Línea 1
2270,10,192,6,2025-07-10,2,2,Línea 2
2271,1,128,4,2025-07-11,3,4,Línea 3
2272,2,153,14,2025-07-11,1,4,Línea 2
2273,3,128,4,2025-07-11,1,2,Línea 3
2274,4,165,11,2025-07-11,1,3,Línea 3
2275,5,160,2,2025-07-11,1,4,Línea 3
2276,6,135,7,2025-07-11,3,4,Línea 2
2277,7,195,10,2025-07-11,3,2,Línea 3
2278,8,173,3,2025-07-11,1,1,Línea 1
2279,9,160,1,2025-07-11,3,1,Línea 3
2280,10,81,6,2025-07-11,1,4,Línea 2
2281,1,96,4,2025-07-12,2,4,Línea 1
2282,2,72,5,2025-07-12,1,3,Línea 1
2283,3,89,7,2025-07-12,1,2,Línea 2
2284,4,98,2,2025-07-12,2,4,Línea 1
2285,5,174,6,2025-07-12,3,4,Línea 3
2286,6,86,0,2025-07-12,2,4,Línea 3
2287,7,191,4,2025-07-12,2,2,Línea 2
2288,8,76,7,2025-07-12,1,3,Línea 2
2289,9,172,15,2025-07-12,1,4,Línea 1
2290,10,91,2,2025-07-12,1,4,Línea 1
2291,1,117,9,2025-07-13,3,3,Línea 3
2292,2,183,7,2025-07-13,1,3,Línea 1
2293,3,93,0,2025-07-13,1,4,Línea 2
2294,4,78,4,2025-07-13,3,3,Línea 3
2295,5,129,4,2025-07-13,1,2,Línea 1
2296,6,70,5,2025-07-13,1,2,Línea 2
2297,7,72,4,2025-07-13,3,1,Línea 3
2298,8,131,13,2025-07-13,2,1,Línea 1
2299,9,88,0,2025-07-13,3,2,Línea 3
2300,10,64,6,2025-07-13,1,4,Línea 2
2301,1,53,5,2025-07-14,3,1,Línea 2
2302,2,173,5,2025-07-14,3,3,Línea 3
2303,3,129,1,2025-07-14,3,3,Línea 3
2304,4,129,0,2025-07-14,3,2,Línea 3
2305,5,161,9,2025-07-14,1,1,Línea 3
2306,6,95,2,2025-07-14,3,2,Línea 2
2307,7,163,4,2025-07-14,1,2,Línea 2
2308,8,141,6,2025-07-14,1,1,Línea 3
2309,9,98,1,2025-07-14,1,2,Línea 1
2310,10,190,19,2025-07-14,3,3,Línea 2
2311,1,61,0,2025-07-15,3,2,Línea 2
2312,2,83,5,2025-07-15,3,4,Línea 3
2313,3,88,7,2025-07-15,3,3,Línea 3
2314,4,51,4,2025-07-15,2,2,Línea 1
2315,5,91,5,2025-07-15,2,4,Línea 3
2316,6,177,13,2025-07-15,2,2,Línea 1
2317,7,99,4,2025-07-15,1,1,Línea 2
2318,8,120,10,2025-07-15,2,2,Línea 3
2319,9,153,2,2025-07-15,1,2,Línea 1
2320,10,186,18,2025-07-15,3,1,Línea 2
2321,1,74,4,2025-07-16,2,4,Línea 2
2322,2,130,11,2025-07-16,3,1,Línea 3
2323,3,127,11,2025-07-16,2,3,Línea 1
2324,4,165,9,2025-07-16,3,3,Línea 1
2325,5,60,3,2025-07-16,3,1,Línea 2
2326,6,97,9,2025-07-16,3,3,Línea 1
2327,7,136,10,2025-07-16,2,4,Línea 3
2328,8,108,10,2025-07-16,1,2,Línea 3
2329,9,122,5,2025-07-16,3,1,Línea 1
2330,10,111,10,2025-07-16,3,4,Línea 3
2331,1,106,3,2025-07-17,3,4,Línea 1
2332,2,98,1,2025-07-17,1,2,Línea 2
2333,3,127,6,2025-07-17,2,1,Línea 3
2334,4,109,7,2025-07-17,3,3,Línea 3
2335,5,107,0,2025-07-17,2,2,Línea 2
2336,6,133,4,2025-07-17,2,3,Línea 2
2337,7,198,14,2025-07-17,1,2,Línea 1
2338,8,196,4,2025-07-17,3,3,Línea 2
2339,9,59,4,2025-07-17,3,2,Línea 1
2340,10,187,10,2025-07-17,3,1,Línea 2
2341,1,84,3,2025-07-18,3,1,Línea 2
2342,2,55,3,2025-07-18,2,3,Línea 1
2343,3,157,6,2025-07-18,3,3,Línea 3
2344,4,78,6,2025-07-18,2,2,Línea 3
2345,5,77,4,2025-07-18,1,4,Línea 2
2346,6,129,8,2025-07-18,2,1,Línea 3
2347,7,138,9,2025-07-18,1,2,Línea 2
2348,8,138,11,2025-07-18,1,2,Línea 3
2349,9,181,11,2025-07-18,2,4,Línea 3
2350,10,129,1,2025-07-18,1,2,Línea 2
2351,1,85,5,2025-07-19,1,4,Línea 3
2352,2,152,6,2025-07-19,3,4,Línea 1
2353,3,95,2,2025-07-19,1,2,Línea 2
2354,4,140,6,2025-07-19,2,1,Línea 2
2355,5,171,11,2025-07-19,3,4,Línea 1
2356,6,72,4,2025-07-19,1,4,Línea 3
2357,7,143,0,2025-07-19,2,1,Línea 2
2358,8,107,8,2025-07-19,1,3,Línea 1
2359,9,186,2,2025-07-19,2,1,Línea 3
2360,10,174,14,2025-07-19,3,4,Línea 1
2361,1,69,0,2025-07-20,2,4,Línea 2
2362,2,68,3,2025-07-20,1,4,Línea 3
2363,3,156,8,2025-07-20,2,3,Línea 3
2364,4,129,7,2025-07-20,2,1,Línea 3
2365,5,102,0,2025-07-20,2,3,Línea 3
2366,6,55,2,2025-07-20,3,1,Línea 1
2367,7,96,3,2025-07-20,3,3,Línea 3
2368,8,71,6,2025-07-20,1,1,Línea 2
2369,9,51,2,2025-07-20,3,3,Línea 1
2370,10,190,16,2025-07-20,3,3,Línea 2
2371,1,170,0,2025-07-21,2,1,Línea 2
2372,2,57,0,2025-07-21,3,2,Línea 3
2373,3,184,8,2025-07-21,2,4,Línea 3
2374,4,56,3,2025-07-21,2,1,Línea 3
2375,5,127,7,2025-07-21,1,2,Línea 1
2376,6,162,13,2025-07-21,2,3,Línea 1
2377,7,151,11,2025-07-21,2,3,Línea 2
2378,8,81,7,2025-07-21,2,2,Línea 2
2379,9,184,1,2025-07-21,3,1,Línea 1
2380,10,107,4,2025-07-21,3,1,Línea 1
2381,1,96,0,2025-07-22,1,1,Línea 2
2382,2,120,0,2025-07-22,3,2,Línea 1
2383,3,153,9,2025-07-22,1,4,Línea 1
2384,4,80,2,2025-07-22,1,4,Línea 2
2385,5,176,6,2025-07-22,1,3,Línea 2
2386,6,105,10,2025-07-22,2,2,Línea 1
2387,7,140,12,2025-07-22,3,1,Línea 1
2388,8,134,6,2025-07-22,1,2,Línea 3
2389,9,86,6,2025-07-22,2,3,Línea 3
2390,10,166,8,2025-07-22,2,4,Línea 2
2391,1,169,0,2025-07-23,1,4,Línea 1
2392,2,86,2,2025-07-23,3,4,Línea 1
2393,3,156,7,2025-07-23,2,2,Línea 1
2394,4,150,4,2025-07-23,1,1,Línea 2
2395,5,135,13,2025-07-23,3,3,Línea 2
2396,6,195,0,2025-07-23,2,1,Línea 2
2397,7,166,16,2025-07-23,3,4,Línea 3
2398,8,122,7,2025-07-23,1,3,Línea 2
2399,9,57,0,2025-07-23,2,3,Línea 3
2400,10,106,1,2025-07-23,3,2,Línea 3
2401,1,110,9,2025-07-24,2,1,Línea 1
2402,2,149,0,2025-07-24,1,3,Línea 2
2403,3,144,0,2025-07-24,3,3,Línea 2
2404,4,53,4,2025-07-24,1,2,Línea 3
2405,5,126,10,2025-07-24,1,4,Línea 2
2406,6,156,5,2025-07-24,1,1,Línea 1
2407,7,176,16,2025-07-24,2,3,Línea 1
2408,8,102,3,2025-07-24,2,4,Línea 2
2409,9,196,8,2025-07-24,1,2,Línea 3
2410,10,117,9,2025-07-24,3,4,Línea 1
2411,1,190,0,2025-07-25,3,3,Línea 3
2412,2,80,8,2025-07-25,3,1,Línea 3
2413,3,182,15,2025-07-25,1,4,Línea 2
2414,4,77,5,2025-07-25,3,3,Línea 3
2415,5,172,1,2025-07-25,1,2,Línea 3
2416,6,171,0,2025-07-25,3,2,Línea 2
2417,7,176,11,2025-07-25,3,1,Línea 1
2418,8,102,2,2025-07-25,3,2,Línea 2
2419,9,88,6,2025-07-25,2,1,Línea 1
2420,10,134,12,2025-07-25,3,2,Línea 1
2421,1,186,4,2025-07-26,3,1,Línea 2
2422,2,112,10,2025-07-26,3,1,Línea 1
2423,3,57,1,2025-07-26,3,1,Línea 2
2424,4,172,10,2025-07-26,3,1,Línea 3
2425,5,163,2,2025-07-26,2,1,Línea 1
2426,6,158,11,2025-07-26,3,4,Línea 3
2427,7,131,8,2025-07-26,2,4,Línea 1
2428,8,57,3,2025-07-26,1,2,Línea 1
2429,9,160,13,2025-07-26,2,1,Línea 2
2430,10,52,3,2025-07-26,3,4,Línea 3
2431,1,189,14,2025-07-27,2,2,Línea 1
2432,2,195,13,2025-07-27,1,4,Línea 3
2433,3,56,1,2025-07-27,1,2,Línea 2
2434,4,146,3,2025-07-27,2,3,Línea 2
2435,5,56,0,2025-07-27,2,4,Línea 1
2436,6,140,0,2025-07-27,1,4,Línea 1
2437,7,171,2,2025-07-27,1,2,Línea 3
2438,8,192,19,2025-07-27,1,1,Línea 3
2439,9,124,0,2025-07-27,1,4,Línea 3
2440,10,80,3,2025-07-27,2,2,Línea 1
2441,1,112,2,2025-07-28,2,3,Línea 1
2442,2,111,6,2025-07-28,3,1,Línea 3
2443,3,187,11,2025-07-28,2,3,Línea 3
2444,4,172,10,2025-07-28,2,1,Línea 2
2445,5,168,9,2025-07-28,2,4,Línea 3
2446,6,60,1,2025-07-28,3,2,Línea 3
2447,7,110,3,2025-07-28,1,4,Línea 2
2448,8,62,3,2025-07-28,3,2,Línea 2
2449,9,100,10,2025-07-28,3,2,Línea 3
2450,10,88,4,2025-07-28,1,3,Línea 2
2451,1,160,3,2025-07-29,2,3,Línea 3
2452,2,105,4,2025-07-29,2,1,Línea 1
2453,3,99,3,2025-07-29,2,4,Línea 2
2454,4,76,1,2025-07-29,2,2,Línea 1
2455,5,189,9,2025-07-29,1,3,Línea 2
2456,6,95,8,2025-07-29,3,2,Línea 3
2457,7,137,3,2025-07-29,2,3,Línea 3
2458,8,127,4,2025-07-29,2,4,Línea 3
2459,9,169,8,2025-07-29,1,4,Línea 3
2460,10,159,4,2025-07-29,2,3,Línea 3
2461,1,136,11,2025-07-30,1,4,Línea 1
2462,2,80,0,2025-07-30,1,3,Línea 1
2463,3,117,3,2025-07-30,3,3,Línea 3
2464,4,100,4,2025-07-30,2,2,Línea 3
2465,5,103,7,2025-07-30,1,1,Línea 2
2466,6,107,4,2025-07-30,2,4,Línea 1
2467,7,197,7,2025-07-30,1,4,Línea 2
2468,8,105,5,2025-07-30,3,3,Línea 3
2469,9,77,6,2025-07-30,3,4,Línea 1
2470,10,173,15,2025-07-30,1,3,Línea 3
2471,1,186,6,2025-07-31,3,3,Línea 3
2472,2,125,4,2025-07-31,1,3,Línea 1
2473,3,171,1,2025-07-31,1,3,Línea 2
2474,4,191,12,2025-07-31,1,2,Línea 3
2475,5,136,2,2025-07-31,2,1,Línea 3
2476,6,193,19,2025-07-31,2,4,Línea 2
2477,7,188,13,2025-07-31,3,3,Línea 3
2478,8,120,12,2025-07-31,2,2,Línea 3
2479,9,59,4,2025-07-31,1,2,Línea 1
2480,10,136,9,2025-07-31,1,4,Línea 2
2481,1,55,0,2025-08-01,2,2,Línea 2
2482,2,83,2,2025-08-01,2,2,Línea 2
2483,3,87,5,2025-08-01,1,1,Línea 2
2484,4,167,1,2025-08-01,1,2,Línea 1
2485,5,50,0,2025-08-01,2,2,Línea 2
2486,6,148,14,2025-08-01,3,4,Línea 1
2487,7,53,0,2025-08-01,2,1,Línea 1
2488,8,144,13,2025-08-01,2,3,Línea 1
2489,9,61,2,2025-08-01,1,4,Línea 3
2490,10,104,1,2025-08-01,2,4,Línea 3
2491,1,135,9,2025-08-02,3,4,Línea 2
2492,2,85,1,2025-08-02,1,2,Línea 3
2493,3,168,13,2025-08-02,1,2,Línea 3
2494,4,125,1,2025-08-02,3,1,Línea 1
2495,5,85,6,2025-08-02,1,3,Línea 3
2496,6,72,1,2025-08-02,1,2,Línea 2
2497,7,145,4,2025-08-02,2,4,Línea 3
2498,8,102,3,2025-08-02,2,1,Línea 3
2499,9,177,13,2025-08-02,3,3,Línea 3
2500,10,66,0,2025-08-02,1,2,Línea 3
2501,1,84,4,2025-08-03,3,1,Línea 1
2502,2,102,8,2025-08-03,3,1,Línea 1
2503,3,62,6,2025-08-03,1,3,Línea 2
2504,4,136,9,2025-08-03,1,4,Línea 1
2505,5,164,0,2025-08-03,1,4,Línea 3
2506,6,146,1,2025-08-03,2,4,Línea 1
2507,7,170,13,2025-08-03,1,4,Línea 2
2508,8,70,4,2025-08-03,2,2,Línea 1
2509,9,70,6,2025-08-03,3,2,Línea 2
2510,10,177,1,2025-08-03,3,3,Línea 3
2511,1,81,6,2025-08-04,2,1,Línea 1
2512,2,51,1,2025-08-04,3,3,Línea 1
2513,3,176,9,2025-08-04,3,1,Línea 1
2514,4,81,2,2025-08-04,1,2,Línea 2
2515,5,130,3,2025-08-04,3,3,Línea 3
2516,6,61,0,2025-08-04,2,4,Línea 1
2517,7,97,1,2025-08-04,3,3,Línea 3
2518,8,174,2,2025-08-04,1,3,Línea 3
2519,9,76,4,2025-08-04,2,1,Línea 1
2520,10,82,0,2025-08-04,3,2,Línea 1
2521,1,166,3,2025-08-05,2,4,Línea 1
2522,2,80,8,2025-08-05,1,4,Línea 3
2523,3,118,7,2025-08-05,1,2,Línea 1
2524,4,72,2,2025-08-05,3,2,Línea 2
2525,5,55,5,2025-08-05,1,2,Línea 1
2526,6,112,7,2025-08-05,1,1,Línea 1
2527,7,87,3,2025-08-05,2,3,Línea 2
2528,8,102,3,2025-08-05,1,3,Línea 2
2529,9,116,8,2025-08-05,2,4,Línea 3
2530,10,188,4,2025-08-05,2,3,Línea 3
2531,1,184,6,2025-08-06,3,3,Línea 3
2532,2,67,4,2025-08-06,1,1,Línea 3
2533,3,108,1,2025-08-06,1,2,Línea 2
2534,4,132,12,2025-08-06,2,1,Línea 2
2535,5,104,10,2025-08-06,3,3,Línea 3
2536,6,175,16,2025-08-06,1,3,Línea 1
2537,7,115,7,2025-08-06,2,2,Línea 3
2538,8,187,6,2025-08-06,2,1,Línea 1
2539,9,110,2,2025-08-06,2,4,Línea 2
2540,10,178,4,2025-08-06,3,4,Línea 3
2541,1,97,9,2025-08-07,3,3,Línea 3
2542,2,161,5,2025-08-07,3,1,Línea 3
2543,3,65,1,2025-08-07,3,2,Línea 2
2544,4,124,8,2025-08-07,3,3,Línea 2
2545,5,67,6,2025-08-07,1,2,Línea 2
2546,6,143,0,2025-08-07,2,3,Línea 2
2547,7,156,1,2025-08-07,3,3,Línea 1
2548,8,112,10,2025-08-07,2,1,Línea 2
2549,9,74,3,2025-08-07,1,3,Línea 1
2550,10,111,4,2025-08-07,1,4,Línea 3
2551,1,167,0,2025-08-08,3,3,Línea 2
2552,2,186,3,2025-08-08,3,4,Línea 2
2553,3,99,6,2025-08-08,1,4,Línea 3
2554,4,81,7,2025-08-08,2,3,Línea 3
2555,5,68,0,2025-08-08,3,3,Línea 1
2556,6,179,3,2025-08-08,1,4,Línea 3
2557,7,113,0,2025-08-08,1,2,Línea 3
2558,8,136,1,2025-08-08,3,1,Línea 3
2559,9,181,15,2025-08-08,3,1,Línea 2
2560,10,54,0,2025-08-08,3,2,Línea 3
2561,1,75,5,2025-08-09,3,4,Línea 2
2562,2,107,0,2025-08-09,2,2,Línea 2
2563,3,97,1,2025-08-09,3,4,Línea 2
2564,4,164,2,2025-08-09,3,4,Línea 1
2565,5,158,3,2025-08-09,3,1,Línea 2
2566,6,193,6,2025-08-09,3,3,Línea 1
2567,7,58,4,2025-08-09,2,1,Línea 3
2568,8,162,11,2025-08-09,1,4,Línea 1
2569,9,169,10,2025-08-09,1,3,Línea 1
2570,10,75,6,2025-08-09,3,2,Línea 2
2571,1,197,9,2025-08-10,3,3,Línea 2
2572,2,120,4,2025-08-10,1,4,Línea 2
2573,3,164,2,2025-08-10,3,4,Línea 3
2574,4,166,16,2025-08-10,3,4,Línea 2
2575,5,94,3,2025-08-10,1,2,Línea 1
2576,6,75,6,2025-08-10,3,4,Línea 2
2577,7,177,8,2025-08-10,2,4,Línea 3
2578,8,173,16,2025-08-10,1,4,Línea 1
2579,9,100,10,2025-08-10,3,1,Línea 1
2580,10,130,5,2025-08-10,1,3,Línea 3
2581,1,159,11,2025-08-11,3,2,Línea 2
2582,2,51,3,2025-08-11,1,1,Línea 3
2583,3,71,0,2025-08-11,3,3,Línea 1
2584,4,185,0,2025-08-11,2,2,Línea 3
2585,5,177,13,2025-08-11,3,3,Línea 1
2586,6,112,8,2025-08-11,3,4,Línea 3
2587,7,183,1,2025-08-11,1,3,Línea 1
2588,8,113,6,2025-08-11,2,2,Línea 1
2589,9,115,2,2025-08-11,2,2,Línea 1
2590,10,185,9,2025-08-11,1,3,Línea 3
2591,1,199,5,2025-08-12,2,1,Línea 1
2592,2,68,0,2025-08-12,2,4,Línea 2
2593,3,65,5,2025-08-12,2,2,Línea 1
2594,4,103,1,2025-08-12,2,2,Línea 1
2595,5,99,8,2025-08-12,2,4,Línea 3
2596,6,154,8,2025-08-12,3,4,Línea 3
2597,7,134,6,2025-08-12,2,3,Línea 3
2598,8,133,12,2025-08-12,2,3,Línea 3
2599,9,101,7,2025-08-12,3,1,Línea 3
2600,10,65,1,2025-08-12,3,4,Línea 2
2601,1,127,7,2025-08-13,1,4,Línea 1
2602,2,109,10,2025-08-13,2,3,Línea 2
2603,3,175,4,2025-08-13,3,4,Línea 2
2604,4,143,7,2025-08-13,1,1,Línea 3
2605,5,74,5,2025-08-13,2,1,Línea 1
2606,6,166,6,2025-08-13,3,2,Línea 3
2607,7,128,7,2025-08-13,2,2,Línea 1
2608,8,193,9,2025-08-13,3,3,Línea 2
2609,9,53,3,2025-08-13,2,2,Línea 3
2610,10,84,0,2025-08-13,3,1,Línea 1
2611,1,62,1,2025-08-14,2,3,Línea 3
2612,2,163,8,2025-08-14,2,4,Línea 2
2613,3,75,5,2025-08-14,1,3,Línea 1
2614,4,79,1,2025-08-14,3,3,Línea 3
2615,5,150,7,2025-08-14,3,2,Línea 2
2616,6,143,3,2025-08-14,1,4,Línea 3
2617,7,84,6,2025-08-14,3,2,Línea 1
2618,8,96,9,2025-08-14,2,1,Línea 3
2619,9,150,14,2025-08-14,1,3,Línea 3
2620,10,104,7,2025-08-14,1,1,Línea 3
2621,1,122,9,2025-08-15,1,2,Línea 2
2622,2,106,5,2025-08-15,1,1,Línea 3
2623,3,152,6,2025-08-15,1,4,Línea 1
2624,4,178,17,2025-08-15,3,4,Línea 2
2625,5,131,9,2025-08-15,3,3,Línea 2
2626,6,158,8,2025-08-15,3,1,Línea 3
2627,7,188,11,2025-08-15,3,4,Línea 3
2628,8,199,17,2025-08-15,2,2,Línea 2
2629,9,112,2,2025-08-15,1,3,Línea 1
2630,10,82,4,2025-08-15,3,2,Línea 1
2631,1,106,10,2025-08-16,1,3,Línea 2
2632,2,72,5,2025-08-16,3,1,Línea 1
2633,3,80,1,2025-08-16,3,3,Línea 3
2634,4,52,1,2025-08-16,2,4,Línea 3
2635,5,185,10,2025-08-16,2,2,Línea 1
2636,6,184,12,2025-08-16,2,4,Línea 2
2637,7,52,0,2025-08-16,2,4,Línea 1
2638,8,150,6,2025-08-16,3,1,Línea 3
2639,9,172,1,2025-08-16,2,4,Línea 2
2640,10,91,0,2025-08-16,3,3,Línea 2
2641,1,108,2,2025-08-17,3,2,Línea 3
2642,2,177,2,2025-08-17,1,1,Línea 3
2643,3,132,11,2025-08-17,3,3,Línea 3
2644,4,165,1,2025-08-17,3,3,Línea 3
2645,5,155,11,2025-08-17,3,3,Línea 2
2646,6,72,5,2025-08-17,2,4,Línea 3
2647,7,166,7,2025-08-17,1,3,Línea 2
2648,8,71,5,2025-08-17,3,4,Línea 1
2649,9,71,5,2025-08-17,3,1,Línea 1
2650,10,130,6,2025-08-17,2,3,Línea 2
2651,1,196,10,2025-08-18,2,4,Línea 1
2652,2,96,8,2025-08-18,2,2,Línea 2
2653,3,120,7,2025-08-18,2,4,Línea 1
2654,4,56,4,2025-08-18,3,3,Línea 2
2655,5,198,7,2025-08-18,1,1,Línea 2
2656,6,165,3,2025-08-18,1,4,Línea 1
2657,7,86,5,2025-08-18,3,4,Línea 1
2658,8,150,14,2025-08-18,2,4,Línea 2
2659,9,139,5,2025-08-18,1,3,Línea 3
2660,10,168,13,2025-08-18,2,3,Línea 1
2661,1,159,8,2025-08-19,3,2,Línea 1
2662,2,56,4,2025-08-19,2,2,Línea 2
2663,3,64,4,2025-08-19,3,3,Línea 1
2664,4,169,2,2025-08-19,3,4,Línea 2
2665,5,142,4,2025-08-19,2,1,Línea 2
2666,6,178,8,2025-08-19,1,2,Línea 1
2667,7,197,10,2025-08-19,2,4,Línea 3
2668,8,138,4,2025-08-19,2,3,Línea 3
2669,9,64,3,2025-08-19,2,3,Línea 3
2670,10,80,4,2025-08-19,2,1,Línea 2
2671,1,84,4,2025-08-20,3,4,Línea 3
2672,2,141,6,2025-08-20,1,4,Línea 2
2673,3,195,14,2025-08-20,3,4,Línea 3
2674,4,164,14,2025-08-20,2,2,Línea 1
2675,5,144,14,2025-08-20,3,1,Línea 3
2676,6,55,0,2025-08-20,2,2,Línea 2
2677,7,157,2,2025-08-20,1,1,Línea 3
2678,8,149,8,2025-08-20,2,2,Línea 1
2679,9,80,6,2025-08-20,3,3,Línea 2
2680,10,94,1,2025-08-20,1,1,Línea 1
2681,1,180,11,2025-08-21,3,1,Línea 1
2682,2,79,1,2025-08-21,2,4,Línea 2
2683,3,154,6,2025-08-21,3,4,Línea 3
2684,4,138,0,2025-08-21,2,2,Línea 3
2685,5,164,9,2025-08-21,1,2,Línea 1
2686,6,95,7,2025-08-21,2,2,Línea 1
2687,7,150,6,2025-08-21,3,4,Línea 2
2688,8,158,3,2025-08-21,2,4,Línea 3
2689,9,115,8,2025-08-21,3,4,Línea 3
2690,10,107,9,2025-08-21,2,2,Línea 2
2691,1,55,2,2025-08-22,1,4,Línea 2
2692,2,166,3,2025-08-22,2,1,Línea 2
2693,3,144,5,2025-08-22,2,4,Línea 3
2694,4,149,3,2025-08-22,2,1,Línea 3
2695,5,123,6,2025-08-22,2,3,Línea 3
2696,6,162,10,2025-08-22,1,3,Línea 3
2697,7,71,3,2025-08-22,2,4,Línea 2
2698,8,65,6,2025-08-22,3,1,Línea 1
2699,9,54,1,2025-08-22,2,1,Línea 3
2700,10,121,7,2025-08-22,2,2,Línea 1
2701,1,65,0,2025-08-23,2,3,Línea 3
2702,2,170,13,2025-08-23,1,4,Línea 2
2703,3,73,2,2025-08-23,3,4,Línea 2
2704,4,89,6,2025-08-23,3,1,Línea 2
2705,5,189,13,2025-08-23,3,2,Línea 1
2706,6,157,9,2025-08-23,3,2,Línea 3
2707,7,82,5,2025-08-23,2,4,Línea 3
2708,8,102,9,2025-08-23,2,3,Línea 1
2709,9,107,3,2025-08-23,1,2,Línea 3
2710,10,85,6,2025-08-23,1,3,Línea 2
